Workbook

Sheet Read Me
A1: Cable Containment Data Register — Expert Update 2026-08-01 / Rev.4 | B1: Cable Containment Data Register - Example Inputs | C1: Cable Containment Data Register - Example Inputs | D1: Cable Containment Data Register - Example Inputs | E1: Cable Containment Data Register - Example Inputs | F1: Cable Containment Data Register - Example Inputs | G1: Cable Containment Data Register - Example Inputs | H1: Cable Containment Data Register - Example Inputs
A3: Field | B3: Value / instruction
A4: Status | B4: PRELIMINARY / EXAMPLE INPUTS - NOT APPROVED FOR CONSTRUCTION
A5: Conduit selected | B5: Panasonic White Conduit - IMC (ANSI/UL)
A6: Cable ladder selected | B6: KJL KLSG - Hot-Dip Galvanized Cable Ladder
A7: Purpose | B7: Formula-driven EIT physical-capacity screening for Panasonic IMC, cable ladder, cable tray and wireway. Rev.3 adds three input examples, Jinko 725 Wp reference, PV cable sizes 4/6/10/16 mm² and an editable Vendor Register OD master linked to all PV containment views.
A8: Conduit warning | B8: The catalogue gives nominal OD and minimum wall thickness, not a certified actual internal diameter. ID_screening is a formula for screening only.
A9: Ladder warning | B9: Nominal W x H is not automatically usable cable width/depth. Confirm shop drawing/profile and support arrangement before fill calculation.
A10: Engineering hold point | B10: Physical maximum is not an ampacity approval. Confirm actual IMC ID, usable ladder width, exact cable OD, circuit grouping, ambient factors, bending/pulling, support loads, earthing and corrosion class.
A11: Rev.4 central link | B11: Fill Calculator dropdowns use IMC Max Count!B10:B13; the OD returned from IMC Max Count!E10:E13 is linked to Vendor Register Phelps Dodge OD inputs.
A12: IMC selection | B12: IMC Max Count uses total Qty entered in the cable mix for 53% / 31% / 40% screening and provides single- or parallel-conduit recommendations.
A13: Area-only calculators | B13: Fill Calculator and Wireway Calculator use physical area fill only; no 0.8W condition is applied in either calculator.
A14: Separate width screen | B14: PV Wireway and PV Ladder/Cable Tray retain the requested additional ΣD_cable ≤ 0.8W screen where applicable.
A15: Use restriction | B15: Confirm exact cable OD, actual certified IMC internal diameter, ampacity, derating, support and bonding before IFC.

Sheet EIT Rules
A1: EIT / วสท. – Cable Containment Decision Rules | B1: EIT / วสท. – Cable Containment Decision Rules | C1: EIT / วสท. – Cable Containment Decision Rules | D1: EIT / วสท. – Cable Containment Decision Rules | E1: EIT / วสท. – Cable Containment Decision Rules | F1: EIT / วสท. – Cable Containment Decision Rules | G1: EIT / วสท. – Cable Containment Decision Rules
A3: ID | B3: ระบบ | C3: หลักเกณฑ์ใช้งาน | D3: ค่าหลัก | E3: ผลต่อ PV 1C / FD-CV | F3: แหล่งอ้างอิง | G3: สถานะ
A4: EIT-WW-01 | B4: Wireway | C4: ช่วงปกติ ห้ามพื้นที่หน้าตัดรวมของสายรวมฉนวนเกินพื้นที่ภายในราง | D4: 20% | E4: คำนวณจากพื้นที่หน้าตัดภายนอกจริงของสายทุกเส้น | F4: วสท. 022001-22 ข้อ 5.12; Bangkok Cable Guide PDF p.383-384 | G4: DESIGN RULE
A5: EIT-WW-02 | B5: Wireway | C5: จุดต่อ/แยกที่เปิดตรวจได้ พื้นที่รวมสายและ connector | D5: ไม่เกิน 75% | E5: ใช้เฉพาะบริเวณจุดต่อ; ต้องรวม connector และตรวจการเข้าถึง | F5: วสท. 022001-22 ข้อ 5.12 | G5: DESIGN RULE
A6: EIT-WW-03 | B6: Wireway | C6: เมื่อมีตัวนำกระแสเกิน 30 เส้น ต้องตรวจ ampacity/grouping เพิ่ม | D6: >30 CCC = derating check | E6: นับตัวนำที่มีกระแส ไม่ใช่นับจำนวน jacket; PE ไม่นับ และ neutral พิจารณาตามโหลด/ฮาร์มอนิก | F6: Bangkok Cable Guide PDF p.383; วสท. 022001-22 | G6: HOLD POINT
A7: EIT-WW-04 | B7: Wireway | C7: ตัวนำวงจรเดียวกัน รวมถึง PE ต้องจัดกลุ่ม/เดินร่วมกัน | D7: ทุกวงจร | E7: PV +/− ต้องเดินคู่ชิดกัน; AC phase/neutral/PE ต้องจัดกลุ่ม | F7: วสท. 022001-22 ข้อ 5.12 | G7: DESIGN RULE
A8: EIT-SEP-01 | B8: AC/DC | C8: แม้ฉนวนที่เหมาะสมอาจอนุญาตให้อยู่ใน enclosure เดียวกันได้ แนวทางโครงการให้แยก AC/DC | D8: Separate หรือ solid divider | E8: ลดความเสี่ยงสับสน, EMC, maintenance และเหตุฉุกเฉิน | F8: Bangkok Cable Guide PDF p.352; project engineering rule | G8: PROJECT RULE
A9: EIT-TR-01 | B9: Cable ladder/tray | C9: Cable tray/ladder ไม่มีเกณฑ์ fill 20% แบบ wireway; ต้องใช้ชนิดสายและตารางความกว้าง/พื้นที่ตามข้อ 5.15 | D9: No universal fill % | E9: ห้ามใช้สูตร 20% ตัดสิน ladder | F9: วสท. 022001-22 ข้อ 5.15 และตาราง 5-7 | G9: DESIGN RULE
A10: EIT-TR-02 | B10: Cable ladder/tray | C10: สายแกนเดียวมีเปลือก วางตรงบนรางได้เมื่อขนาดตัวนำไม่น้อยกว่า 25 mm²; สายหลายแกนวางได้ทุกขนาดตามเงื่อนไข | D10: 1C ≥25 mm² | E10: PV H1Z2Z2-K 4/6/10 mm² ไม่วางเปิดตรงบน ladder ภายใต้เกณฑ์ทั่วไป; FD-CV 1C ≥25 mm² จึงพิจารณาได้ | F10: Bangkok Cable Guide PDF p.241; วสท. 022001-22 ข้อ 5.15 | G10: CRITICAL
A11: EIT-TR-03 | B11: Cable ladder/tray | C11: สายไม่มีเปลือก เช่น IEC 01/THW ห้ามวางตรงบน tray/ladder | D11: Not permitted direct | E11: ต้องอยู่ในท่อ/ช่องเดินสายที่เหมาะสม | F11: Bangkok Cable Guide PDF p.240-241 | G11: CRITICAL
A12: EIT-TR-04 | B12: Cable ladder/tray | C12: จัดสายชั้นเดียวหรือ trefoil ตามชนิดวงจร ไม่ซ้อนหลายชั้น; มัดสาย 1C ของวงจรเดียวกันเป็นกลุ่ม | D12: Single layer / trefoil | E12: FD-CV 1C วงจร 3 เฟสต้องจัดกลุ่มและรักษาสมมาตร โดยเฉพาะวงจรขนาน | F12: Bangkok Cable Guide PDF p.241; วสท. 022001-22 | G12: DESIGN RULE
A13: EIT-TR-05 | B13: Cable ladder/tray | C13: ช่องเปิดไม่น้อยกว่า 30% เป็นนิยามรางระบายอากาศ ไม่ใช่เปอร์เซ็นต์บรรจุสาย | D13: 30% open area ≠ cable fill | E13: อย่านำ 30% ไปคูณพื้นที่รางเพื่อหาจำนวนสาย | F13: Bangkok Cable Guide PDF p.213 | G13: CLARIFICATION
A14: PV-STD-01 | B14: PV/BESS | C14: ตรวจฉบับ วสท. PV/BESS ปัจจุบันและข้อกำหนดการไฟฟ้าก่อนออกแบบรายละเอียด | D14: วสท. 022013-23 พ.ศ.2568 | E14: ข้อ 5.15 เป็นฐานทั่วไป; วิธีติดตั้ง PV ต้องยืนยันกับมาตรฐานเฉพาะและวิศวกร | F14: EIT official book page | G14: HOLD POINT

Sheet Conduit Data
A1: Panasonic IMC - Manufacturer Catalogue Data | B1: Panasonic IMC - Manufacturer Catalogue Data | C1: Panasonic IMC - Manufacturer Catalogue Data | D1: Panasonic IMC - Manufacturer Catalogue Data | E1: Panasonic IMC - Manufacturer Catalogue Data | F1: Panasonic IMC - Manufacturer Catalogue Data | G1: Panasonic IMC - Manufacturer Catalogue Data | H1: Panasonic IMC - Manufacturer Catalogue Data | I1: Panasonic IMC - Manufacturer Catalogue Data | J1: Panasonic IMC - Manufacturer Catalogue Data | K1: Panasonic IMC - Manufacturer Catalogue Data | L1: Panasonic IMC - Manufacturer Catalogue Data | M1: Panasonic IMC - Manufacturer Catalogue Data | N1: Panasonic IMC - Manufacturer Catalogue Data | O1: Panasonic IMC - Manufacturer Catalogue Data | P1: Panasonic IMC - Manufacturer Catalogue Data | Q1: Panasonic IMC - Manufacturer Catalogue Data
A3: Brand | B3: Series / type | C3: Item No. | D3: Trade size (inch) | E3: Outside diameter (mm) | F3: Minimum wall thickness (mm) | G3: Length (mm) | H3: Nominal weight (kg/pc) | I3: Primary bundle (pcs) | J3: Master bundle (pcs) | K3: ID_screening (mm) | L3: Area_screening (mm2) | M3: Confirmed actual ID (mm) | N3: Confirmed internal area (mm2) | O3: Standard / listing | P3: Source page | Q3: Status / remark
A4: Panasonic | B4: White Conduit IMC | C4: DWM012Y | D4: 1/2 | E4: 20.7 | F4: 1.79 | G4: 3030 | H4: 2.85 | I4: 10 | J4: 300 | K4: =E4-2*F4 -> 17.12 | L4: =PI()*K4^2/4 -> 230.1958 | M4: 17.12 | N4: =IF(M4="","",PI()*M4^2/4) -> 230.1958 | O4: UL 1242; catalogue also shows TIS 770 coverage | P4: PDF page 5 (printed pp. 7-8) | Q4: OPEN - confirm current product/certificate and actual ID
A5: Panasonic | B5: White Conduit IMC | C5: DWM034Y | D5: 3/4 | E5: 26.14 | F5: 1.9 | G5: 3030 | H5: 3.94 | I5: 5 | J5: 250 | K5: =E5-2*F5 -> 22.34 | L5: =PI()*K5^2/4 -> 391.97306 | M5: 22.34 | N5: =IF(M5="","",PI()*M5^2/4) -> 391.97306 | O5: UL 1242; catalogue also shows TIS 770 coverage | P5: PDF page 5 (printed pp. 7-8) | Q5: OPEN - confirm current product/certificate and actual ID
A6: Panasonic | B6: White Conduit IMC | C6: DWM100Y | D6: 1 | E6: 32.77 | F6: 2.16 | G6: 3025 | H6: 5.23 | I6: 5 | J6: 125 | K6: =E6-2*F6 -> 28.45 | L6: =PI()*K6^2/4 -> 635.70324 | M6: 28.45 | N6: =IF(M6="","",PI()*M6^2/4) -> 635.70324 | O6: UL 1242; catalogue also shows TIS 770 coverage | P6: PDF page 5 (printed pp. 7-8) | Q6: OPEN - confirm current product/certificate and actual ID
A7: Panasonic | B7: White Conduit IMC | C7: DWM114Y | D7: 1-1/4 | E7: 41.59 | F7: 2.16 | G7: 3025 | H7: 7.48 | I7: 3 | J7: 75 | K7: =E7-2*F7 -> 37.27 | L7: =PI()*K7^2/4 -> 1090.9596 | M7: 37.27 | N7: =IF(M7="","",PI()*M7^2/4) -> 1090.9596 | O7: UL 1242; catalogue also shows TIS 770 coverage | P7: PDF page 5 (printed pp. 7-8) | Q7: OPEN - confirm current product/certificate and actual ID
A8: Panasonic | B8: White Conduit IMC | C8: DWM112Y | D8: 1-1/2 | E8: 47.81 | F8: 2.29 | G8: 3025 | H8: 8.67 | I8: 3 | J8: 75 | K8: =E8-2*F8 -> 43.23 | L8: =PI()*K8^2/4 -> 1467.7779 | M8: 43.23 | N8: =IF(M8="","",PI()*M8^2/4) -> 1467.7779 | O8: UL 1242; catalogue also shows TIS 770 coverage | P8: PDF page 5 (printed pp. 7-8) | Q8: OPEN - confirm current product/certificate and actual ID
A9: Panasonic | B9: White Conduit IMC | C9: DWM200Y | D9: 2 | E9: 59.93 | F9: 2.41 | G9: 3025 | H9: 11.65 | J9: 50 | K9: =E9-2*F9 -> 55.11 | L9: =PI()*K9^2/4 -> 2385.3423 | M9: 55.11 | N9: =IF(M9="","",PI()*M9^2/4) -> 2385.3423 | O9: UL 1242; catalogue also shows TIS 770 coverage | P9: PDF page 5 (printed pp. 7-8) | Q9: OPEN - confirm current product/certificate and actual ID
A10: Panasonic | B10: White Conduit IMC | C10: DWM212Y | D10: 2-1/2 | E10: 72.56 | F10: 3.56 | G10: 3010 | H10: 18.71 | J10: 40 | K10: =E10-2*F10 -> 65.44 | L10: =PI()*K10^2/4 -> 3363.3841 | M10: 65.44 | N10: =IF(M10="","",PI()*M10^2/4) -> 3363.3841 | O10: UL 1242; catalogue also shows TIS 770 coverage | P10: PDF page 5 (printed pp. 7-8) | Q10: OPEN - confirm current product/certificate and actual ID
A11: Panasonic | B11: White Conduit IMC | C11: DWM300Y | D11: 3 | E11: 88.29 | F11: 3.56 | G11: 3010 | H11: 22.87 | J11: 30 | K11: =E11-2*F11 -> 81.17 | L11: =PI()*K11^2/4 -> 5174.6499 | M11: 81.17 | N11: =IF(M11="","",PI()*M11^2/4) -> 5174.6499 | O11: UL 1242; catalogue also shows TIS 770 coverage | P11: PDF page 5 (printed pp. 7-8) | Q11: OPEN - confirm current product/certificate and actual ID
A12: Panasonic | B12: White Conduit IMC | C12: DWM312Y | D12: 3-1/2 | E12: 100.86 | F12: 3.56 | G12: 3005 | H12: 26.43 | J12: 20 | K12: =E12-2*F12 -> 93.74 | L12: =PI()*K12^2/4 -> 6901.441 | M12: 93.74 | N12: =IF(M12="","",PI()*M12^2/4) -> 6901.441 | O12: UL 1242; catalogue also shows TIS 770 coverage | P12: PDF page 5 (printed pp. 7-8) | Q12: OPEN - confirm current product/certificate and actual ID
A13: Panasonic | B13: White Conduit IMC | C13: DWM400Y | D13: 4 | E13: 113.4 | F13: 3.56 | G13: 3005 | H13: 29.84 | J13: 15 | K13: =E13-2*F13 -> 106.28 | L13: =PI()*K13^2/4 -> 8871.4166 | M13: 106.28 | N13: =IF(M13="","",PI()*M13^2/4) -> 8871.4166 | O13: UL 1242; catalogue also shows TIS 770 coverage | P13: PDF page 5 (printed pp. 7-8) | Q13: OPEN - confirm current product/certificate and actual ID

Sheet Ladder Data
A1: KJL KLSG - Hot-Dip Galvanized Cable Ladder | B1: KJL KLSG - Hot-Dip Galvanized Cable Ladder | C1: KJL KLSG - Hot-Dip Galvanized Cable Ladder | D1: KJL KLSG - Hot-Dip Galvanized Cable Ladder | E1: KJL KLSG - Hot-Dip Galvanized Cable Ladder | F1: KJL KLSG - Hot-Dip Galvanized Cable Ladder | G1: KJL KLSG - Hot-Dip Galvanized Cable Ladder | H1: KJL KLSG - Hot-Dip Galvanized Cable Ladder | I1: KJL KLSG - Hot-Dip Galvanized Cable Ladder | J1: KJL KLSG - Hot-Dip Galvanized Cable Ladder | K1: KJL KLSG - Hot-Dip Galvanized Cable Ladder | L1: KJL KLSG - Hot-Dip Galvanized Cable Ladder | M1: KJL KLSG - Hot-Dip Galvanized Cable Ladder | N1: KJL KLSG - Hot-Dip Galvanized Cable Ladder | O1: KJL KLSG - Hot-Dip Galvanized Cable Ladder | P1: KJL KLSG - Hot-Dip Galvanized Cable Ladder
A3: Brand | B3: Model code | C3: Nominal width W (mm) | D3: Nominal height H (mm) | E3: Length L (mm) | F3: Steel thickness (mm) | G3: Material | H3: Finish | I3: Coating thickness stated | J3: Confirmed usable width (mm) | K3: Confirmed usable depth (mm) | L3: Usable area if adopted (mm2) | M3: Support span/load rating | N3: Source page | O3: Status | P3: Remark
A4: KJL | B4: KLSG 0200 | C4: 200 | D4: 100 | E4: 3000 | F4: 2 | G4: SPHC hot rolled mild steel sheet | H4: Hot-Dip Galvanized per catalogue | I4: Average 45-60 micron | L4: =IF(OR(J4="",K4=""),"",J4*K4) | M4: TO BE CONFIRMED | N4: PDF pages 122-123 | O4: OPEN | P4: Nominal dimensions are not treated as confirmed usable dimensions.
A5: KJL | B5: KLSG 0300 | C5: 300 | D5: 100 | E5: 3000 | F5: 2 | G5: SPHC hot rolled mild steel sheet | H5: Hot-Dip Galvanized per catalogue | I5: Average 45-60 micron | L5: =IF(OR(J5="",K5=""),"",J5*K5) | M5: TO BE CONFIRMED | N5: PDF pages 122-123 | O5: OPEN | P5: Nominal dimensions are not treated as confirmed usable dimensions.
A6: KJL | B6: KLSG 0400 | C6: 400 | D6: 100 | E6: 3000 | F6: 2 | G6: SPHC hot rolled mild steel sheet | H6: Hot-Dip Galvanized per catalogue | I6: Average 45-60 micron | L6: =IF(OR(J6="",K6=""),"",J6*K6) | M6: TO BE CONFIRMED | N6: PDF pages 122-123 | O6: OPEN | P6: Nominal dimensions are not treated as confirmed usable dimensions.
A7: KJL | B7: KLSG 0500 | C7: 500 | D7: 100 | E7: 3000 | F7: 2 | G7: SPHC hot rolled mild steel sheet | H7: Hot-Dip Galvanized per catalogue | I7: Average 45-60 micron | L7: =IF(OR(J7="",K7=""),"",J7*K7) | M7: TO BE CONFIRMED | N7: PDF pages 122-123 | O7: OPEN | P7: Nominal dimensions are not treated as confirmed usable dimensions.
A8: KJL | B8: KLSG 0600 | C8: 600 | D8: 100 | E8: 3000 | F8: 2 | G8: SPHC hot rolled mild steel sheet | H8: Hot-Dip Galvanized per catalogue | I8: Average 45-60 micron | L8: =IF(OR(J8="",K8=""),"",J8*K8) | M8: TO BE CONFIRMED | N8: PDF pages 122-123 | O8: OPEN | P8: Nominal dimensions are not treated as confirmed usable dimensions.
A9: KJL | B9: KLSG 0700 | C9: 700 | D9: 100 | E9: 3000 | F9: 2 | G9: SPHC hot rolled mild steel sheet | H9: Hot-Dip Galvanized per catalogue | I9: Average 45-60 micron | L9: =IF(OR(J9="",K9=""),"",J9*K9) | M9: TO BE CONFIRMED | N9: PDF pages 122-123 | O9: OPEN | P9: Nominal dimensions are not treated as confirmed usable dimensions.
A10: KJL | B10: KLSG 0800 | C10: 800 | D10: 100 | E10: 3000 | F10: 2 | G10: SPHC hot rolled mild steel sheet | H10: Hot-Dip Galvanized per catalogue | I10: Average 45-60 micron | L10: =IF(OR(J10="",K10=""),"",J10*K10) | M10: TO BE CONFIRMED | N10: PDF pages 122-123 | O10: OPEN | P10: Nominal dimensions are not treated as confirmed usable dimensions.
A11: KJL | B11: KLSG 0900 | C11: 900 | D11: 100 | E11: 3000 | F11: 2 | G11: SPHC hot rolled mild steel sheet | H11: Hot-Dip Galvanized per catalogue | I11: Average 45-60 micron | L11: =IF(OR(J11="",K11=""),"",J11*K11) | M11: TO BE CONFIRMED | N11: PDF pages 122-123 | O11: OPEN | P11: Nominal dimensions are not treated as confirmed usable dimensions.
A12: KJL | B12: KLSG 1000 | C12: 1000 | D12: 100 | E12: 3000 | F12: 2 | G12: SPHC hot rolled mild steel sheet | H12: Hot-Dip Galvanized per catalogue | I12: Average 45-60 micron | L12: =IF(OR(J12="",K12=""),"",J12*K12) | M12: TO BE CONFIRMED | N12: PDF pages 122-123 | O12: OPEN | P12: Nominal dimensions are not treated as confirmed usable dimensions.

Sheet Vendor Register
A1: PV Cable OD Master | editable manufacturer input linked to containment sheets
A3: Cable ID | B3: Manufacturer | C3: Cable type | D3: CSA (mm²) | E3: OD input (mm) | F3: Active downstream | G3: OD source / note
A4: PV-PD-4 | B4: Phelps Dodge | C4: H1Z2Z2-K | D4: 4 | E4: 6 | F4: YES | G4: Phelps_Dodge_PV_Cable_H1Z2Z2-K_Datasheet.pdf; conservative max OD used for screening
A5: PV-PD-6 | B5: Phelps Dodge | C5: H1Z2Z2-K | D5: 6 | E5: 7 | F5: YES | G5: Phelps_Dodge_PV_Cable_H1Z2Z2-K_Datasheet.pdf; conservative max OD used for screening | H5: สาย 6 จาก 6.5 -> 7
A6: PV-PD-10 | B6: Phelps Dodge | C6: H1Z2Z2-K | D6: 10 | E6: 8.2 | F6: YES | G6: Phelps_Dodge_PV_Cable_H1Z2Z2-K_Datasheet.pdf; conservative max OD used for screening
A7: PV-PD-16 | B7: Phelps Dodge | C7: H1Z2Z2-K | D7: 16 | E7: 9.8 | F7: YES | G7: Phelps_Dodge_PV_Cable_H1Z2Z2-K_Datasheet.pdf; conservative max OD used for screening
A8: PV-BK-4 | B8: Bangkok Cable | C8: H1Z2Z2-K | D8: 4 | E8: 6.6 | F8: OPTION | G8: Bangkok_Cable_H1Z2Z2-K_PV_Cable_Datasheet.pdf; conservative max OD used for screening
A9: PV-BK-6 | B9: Bangkok Cable | C9: H1Z2Z2-K | D9: 6 | E9: 7.4 | F9: OPTION | G9: Bangkok_Cable_H1Z2Z2-K_PV_Cable_Datasheet.pdf; conservative max OD used for screening
A10: PV-BK-10 | B10: Bangkok Cable | C10: H1Z2Z2-K | D10: 10 | E10: 8.8 | F10: OPTION | G10: Bangkok_Cable_H1Z2Z2-K_PV_Cable_Datasheet.pdf; conservative max OD used for screening
A11: PV-BK-16 | B11: Bangkok Cable | C11: H1Z2Z2-K | D11: 16 | E11: 10.1 | F11: OPTION | G11: Bangkok_Cable_H1Z2Z2-K_PV_Cable_Datasheet.pdf; conservative max OD used for screening
A16: Owner Vendor List Verification & Reference Datasheet Register | B16: Owner Vendor List Verification & Reference Datasheet Register | C16: Owner Vendor List Verification & Reference Datasheet Register | D16: Owner Vendor List Verification & Reference Datasheet Register | E16: Owner Vendor List Verification & Reference Datasheet Register | F16: Owner Vendor List Verification & Reference Datasheet Register | G16: Owner Vendor List Verification & Reference Datasheet Register | H16: Owner Vendor List Verification & Reference Datasheet Register
A18: Category | B18: Brands in attachment | C18: Reference brand | D18: Reference model/document | E18: Local file | F18: Official source | G18: Review status | H18: Design/procurement note
A19: PV Mounting Structure | B19: Goomax; Chiko; Reddot; Sunforson | C19: Chiko | D19: 7Rail | E19: Datasheet/Vendor_Reference/CHIKO_7Rail_Data_Sheet.pdf | F19: https://www.chikolar.com/ | G19: REFERENCE SCREENED | H19: Exact roof interface, wind load and structural calculation remain project-specific
A20: PV MDB Panel | B20: Precise; Mitsubishi; CPT; Asefa; PMK; Sangchai | C20: — | D20: — | E20: — | F20: — | G20: GAP | H20: Need exact assembly datasheet, IEC 61439 evidence, Icw/Icc, IP, form, busbar and SLD
A21: Weather Sensor | B21: Kipp & Zonen; Hukseflux; Rika; Ingenieurburo | C21: Kipp & Zonen | D21: SMP10x/SMP22x | E21: Datasheet/Vendor_Reference/KippZonen_SMP10x_SMP22x_Datasheet_2025.pdf | F21: https://www.kippzonen.com/ | G21: REFERENCE SCREENED | H21: Select sensor class, output, heating and logger compatibility
A22: Protective Relay | B22: Schneider; Siemens; ABB | C22: Schneider | D22: PowerLogic P3 | E22: Datasheet/Vendor_Reference/Schneider_PowerLogic_P3_Catalog_2024.pdf | F22: https://www.se.com/ | G22: REFERENCE SCREENED | H22: Utility protection functions/settings and CT/VT inputs TBC
A23: Power Meter | B23: Janitza; Schneider; ISKRA | C23: Schneider | D23: PowerLogic PM5000 | E23: Datasheet/Vendor_Reference/Schneider_PM5000_Technical_Datasheet.pdf | F23: https://www.se.com/in/en/download/document/29364262/ | G23: REFERENCE SCREENED | H23: Choose exact PM5xxx model, accuracy class, CT input and protocol
A24: Revenue Meter | B24: EDMI; Landis & Gyr | C24: EDMI | D24: Mk10E | E24: Datasheet/Vendor_Reference/EDMI_Mk10E_Factsheet_Rev02_2025.pdf | F24: https://www.edmi-meters.com/ | G24: REFERENCE SCREENED | H24: Final model and utility approval mandatory
A25: PV Connector | B25: Stäubli (MC) | C25: Stäubli | D25: MC4-Evo 2 | E25: Datasheet/Vendor_Reference/Staubli_MC4-Evo2_Cable_Coupler.pdf | F25: https://www.staubli.com/ | G25: REFERENCE SCREENED | H25: Do not cross-mate unlike brands/models; verify cable OD, crimp tool and certification
A26: PV Cable | B26: Thai Wonderful; Phelps Dodge; Prysmian; Bangkok Cable | C26: Phelps Dodge / Bangkok Cable | D26: H1Z2Z2-K | E26: Phelps_Dodge_PV_Cable_H1Z2Z2-K_Datasheet.pdf; Bangkok_Cable_H1Z2Z2-K_PV_Cable_Datasheet.pdf | F26: https://www.pdcable.com/; https://www.bangkokcable.com/ | G26: SOURCE TRANSFERRED | H26: OD master below is the linked design input for the new containment views; confirm exact project product code before IFC.
A27: AC Cable | B27: Bangkok Cable; Thai Yazaki; Phelps Dodge | C27: Phelps Dodge | D27: CV / CV-FD family | E27: Datasheet/Vendor_Reference/Phelps_Dodge_LV_Power_Control_Cables.pdf | F27: https://www.pdcable.com/product/cv-fd-1/ | G27: REFERENCE SCREENED | H27: Exact FD-CV construction, cores, OD, fire certificate and current rating TBC
A28: Communication Cable | B28: LINK; Belden | C28: Belden | D28: 3106A RS-485 | E28: Datasheet/Vendor_Reference/Belden_3106A_RS485_TechData.pdf | F28: https://www.belden.com/ | G28: REFERENCE SCREENED | H28: Confirm protocol, shield grounding, UV/LSZH/fire requirements and separation
... A33: PV Inverter (additional) | B33: Not listed in attachment | C33: Sungrow | D33: SG125CX-P2 | E33: Datasheet/Vendor_Reference/Sungrow_SG125CX-P2_Datasheet_V12.pdf | F33: https://www.sungrowpower.com/ | G33: OUTSIDE VENDOR LIST | H33: Reference only; utility grid code, MPPT/string limits and protection settings required
A36: Jinko PV Module Datasheet | Selected 725 Wp reference from Workspace
A38: Parameter | B38: Value | C38: Unit | D38: Source / engineering note
A39: Manufacturer | B39: Jinko Solar | C39: — | D39: Workspace datasheet
A40: Model | B40: JKM700-725N-66HL5-BDV-Z2C2-OC | C40: — | D40: Workspace datasheet
A41: Selected Pmax | B41: 725 | C41: Wp | D41: Use 725 Wp STC row
A42: Vmp at STC | B42: 41 | C42: V | D42: Workspace datasheet
A43: Imp at STC | B43: 17.69 | C43: A | D43: Workspace datasheet
A44: Voc at STC | B44: 49.2 | C44: V | D44: Workspace datasheet
A45: Isc at STC | B45: 18.74 | C45: A | D45: Workspace datasheet
A46: Max system voltage | B46: 1500 | C46: V DC | D46: Workspace datasheet
A47: Max series fuse | B47: 35 | C47: A | D47: Workspace datasheet
A48: Minimum cell temperature used in design screens | B48: 10 | C48: °C | D48: Project design input; verify inverter/system design
A49: Source file | B49: 3.2.panel_datasheet_JKM700-725N-66HL5-BDV-Z2C2-OC.pdf | C49: — | D49: Workspace file; verify controlled revision before IFC

Sheet Thermal Check (เลือกสาย)
A1: Thermal / Ampacity Check - Separate from Physical Fill | B1: Thermal / Ampacity Check - Separate from Physical Fill | C1: Thermal / Ampacity Check - Separate from Physical Fill | D1: Thermal / Ampacity Check - Separate from Physical Fill | E1: Thermal / Ampacity Check - Separate from Physical Fill | F1: Thermal / Ampacity Check - Separate from Physical Fill | G1: Thermal / Ampacity Check - Separate from Physical Fill | H1: Thermal / Ampacity Check - Separate from Physical Fill | I1: Thermal / Ampacity Check - Separate from Physical Fill | J1: Thermal / Ampacity Check - Separate from Physical Fill | K1: Thermal / Ampacity Check - Separate from Physical Fill | L1: Thermal / Ampacity Check - Separate from Physical Fill
A2: Three simulated examples are populated below. Base ampacity is taken from the local PV cable datasheet working data; factors are explicit inputs and must be replaced by the project installation calculation.
A3: Circuit ID | B3: Cable model / size | C3: Design current (A) | D3: Base ampacity (A) | E3: Ambient factor | F3: Grouping factor | G3: Other factor | H3: Adjusted ampacity (A) | I3: Result | J3: Ampacity table source | K3: Installation method | L3: Remark
A4: CIR-EX-001 | B4: Phelps Dodge H1Z2Z2-K 4 mm² | C4: 17.69 | D4: 55 | E4: 0.95 | F4: 0.95 | G4: 1 | H4: =IF(OR(D4="",E4="",F4="",G4=""),"",D4*E4*F4*G4) -> 49.6375 | I4: =IF(OR(C4="",H4=""),"REVIEW",IF(H4>=C4,"PASS","FAIL")) -> PASS | J4: Phelps_Dodge_PV_Cable_H1Z2Z2-K_Datasheet.pdf | K4: wireway / ventilated | L4: Example 1; replace with project method
A5: CIR-EX-002 | B5: Phelps Dodge H1Z2Z2-K 6 mm² | C5: 17.69 | D5: 70 | E5: 0.95 | F5: 0.9 | G5: 1 | H5: =IF(OR(D5="",E5="",F5="",G5=""),"",D5*E5*F5*G5) -> 59.85 | I5: =IF(OR(C5="",H5=""),"REVIEW",IF(H5>=C5,"PASS","FAIL")) -> PASS | J5: Phelps_Dodge_PV_Cable_H1Z2Z2-K_Datasheet.pdf | K5: wireway / ventilated | L5: Example 2; replace with project method
A6: CIR-EX-003 | B6: Bangkok Cable H1Z2Z2-K 16 mm² | C6: 100 | D6: 132 | E6: 0.8 | F6: 0.8 | G6: 1 | H6: =IF(OR(D6="",E6="",F6="",G6=""),"",D6*E6*F6*G6) -> 84.48 | I6: =IF(OR(C6="",H6=""),"REVIEW",IF(H6>=C6,"PASS","FAIL")) -> FAIL | J6: Bangkok_Cable_H1Z2Z2-K_PV_Cable_Datasheet.pdf | K6: wireway / ventilated | L6: Example 3 intentionally demonstrates CHECK
A7: CIR-004 | H7: =IF(OR(D7="",E7="",F7="",G7=""),"",D7*E7*F7*G7) | I7: =IF(OR(C7="",H7=""),"REVIEW",IF(H7>=C7,"PASS","FAIL")) -> REVIEW
A8: CIR-005 | H8: =IF(OR(D8="",E8="",F8="",G8=""),"",D8*E8*F8*G8) | I8: =IF(OR(C8="",H8=""),"REVIEW",IF(H8>=C8,"PASS","FAIL")) -> REVIEW
A9: CIR-006 | H9: =IF(OR(D9="",E9="",F9="",G9=""),"",D9*E9*F9*G9) | I9: =IF(OR(C9="",H9=""),"REVIEW",IF(H9>=C9,"PASS","FAIL")) -> REVIEW
A10: CIR-007 | H10: =IF(OR(D10="",E10="",F10="",G10=""),"",D10*E10*F10*G10) | I10: =IF(OR(C10="",H10=""),"REVIEW",IF(H10>=C10,"PASS","FAIL")) -> REVIEW
A11: CIR-008 | H11: =IF(OR(D11="",E11="",F11="",G11=""),"",D11*E11*F11*G11) | I11: =IF(OR(C11="",H11=""),"REVIEW",IF(H11>=C11,"PASS","FAIL")) -> REVIEW
A12: CIR-009 | H12: =IF(OR(D12="",E12="",F12="",G12=""),"",D12*E12*F12*G12) | I12: =IF(OR(C12="",H12=""),"REVIEW",IF(H12>=C12,"PASS","FAIL")) -> REVIEW
A13: CIR-010 | H13: =IF(OR(D13="",E13="",F13="",G13=""),"",D13*E13*F13*G13) | I13: =IF(OR(C13="",H13=""),"REVIEW",IF(H13>=C13,"PASS","FAIL")) -> REVIEW
A14: CIR-011 | H14: =IF(OR(D14="",E14="",F14="",G14=""),"",D14*E14*F14*G14) | I14: =IF(OR(C14="",H14=""),"REVIEW",IF(H14>=C14,"PASS","FAIL")) -> REVIEW
A15: CIR-012 | H15: =IF(OR(D15="",E15="",F15="",G15=""),"",D15*E15*F15*G15) | I15: =IF(OR(C15="",H15=""),"REVIEW",IF(H15>=C15,"PASS","FAIL")) -> REVIEW
A16: CIR-013 | H16: =IF(OR(D16="",E16="",F16="",G16=""),"",D16*E16*F16*G16) | I16: =IF(OR(C16="",H16=""),"REVIEW",IF(H16>=C16,"PASS","FAIL")) -> REVIEW
A17: CIR-014 | H17: =IF(OR(D17="",E17="",F17="",G17=""),"",D17*E17*F17*G17) | I17: =IF(OR(C17="",H17=""),"REVIEW",IF(H17>=C17,"PASS","FAIL")) -> REVIEW
A18: CIR-015 | H18: =IF(OR(D18="",E18="",F18="",G18=""),"",D18*E18*F18*G18) | I18: =IF(OR(C18="",H18=""),"REVIEW",IF(H18>=C18,"PASS","FAIL")) -> REVIEW
... A23: CIR-020 | H23: =IF(OR(D23="",E23="",F23="",G23=""),"",D23*E23*F23*G23) | I23: =IF(OR(C23="",H23=""),"REVIEW",IF(H23>=C23,"PASS","FAIL")) -> REVIEW
B24: *ตรวจสอบ Spec. สายไฟว่าเพียงพอหรือไม่

Sheet 1.IMC Max Count
A1: Maximum Cable Count in Panasonic IMC - EIT Physical Fill Screening | B1: Maximum Cable Count in Panasonic IMC - EIT Physical Fill Screening | C1: Maximum Cable Count in Panasonic IMC - EIT Physical Fill Screening | D1: Maximum Cable Count in Panasonic IMC - EIT Physical Fill Screening | E1: Maximum Cable Count in Panasonic IMC - EIT Physical Fill Screening | F1: Maximum Cable Count in Panasonic IMC - EIT Physical Fill Screening | G1: Maximum Cable Count in Panasonic IMC - EIT Physical Fill Screening | H1: Maximum Cable Count in Panasonic IMC - EIT Physical Fill Screening | I1: Maximum Cable Count in Panasonic IMC - EIT Physical Fill Screening | J1: Maximum Cable Count in Panasonic IMC - EIT Physical Fill Screening | K1: Maximum Cable Count in Panasonic IMC - EIT Physical Fill Screening | L1: Maximum Cable Count in Panasonic IMC - EIT Physical Fill Screening | M1: Maximum Cable Count in Panasonic IMC - EIT Physical Fill Screening | N1: Maximum Cable Count in Panasonic IMC - EIT Physical Fill Screening | O1: Maximum Cable Count in Panasonic IMC - EIT Physical Fill Screening | P1: Maximum Cable Count in Panasonic IMC - EIT Physical Fill Screening
A2: Rev.4: IMC fill screening is governed by the number of cable pieces (Qty). Cores/cable is informational only. The left matrix gives maximum Qty by IMC size; the right matrix uses that left Qty to show total fill %. Actual certified IMC ID is required before IFC. | B2: วสท. 022001-22 ตาราง 5-3: 1 เส้น 53%, 2 เส้น 31%, 3 เส้นขึ้นไป 40%. ตารางนี้แสดงจำนวนสาย/เคเบิลเป็นชิ้น ไม่ใช่จำนวนวงจร และยังไม่รวม ampacity/grouping/bending/pulling checks | C2: วสท. 022001-22 ตาราง 5-3: 1 เส้น 53%, 2 เส้น 31%, 3 เส้นขึ้นไป 40%. ตารางนี้แสดงจำนวนสาย/เคเบิลเป็นชิ้น ไม่ใช่จำนวนวงจร และยังไม่รวม ampacity/grouping/bending/pulling checks | D2: วสท. 022001-22 ตาราง 5-3: 1 เส้น 53%, 2 เส้น 31%, 3 เส้นขึ้นไป 40%. ตารางนี้แสดงจำนวนสาย/เคเบิลเป็นชิ้น ไม่ใช่จำนวนวงจร และยังไม่รวม ampacity/grouping/bending/pulling checks | E2: วสท. 022001-22 ตาราง 5-3: 1 เส้น 53%, 2 เส้น 31%, 3 เส้นขึ้นไป 40%. ตารางนี้แสดงจำนวนสาย/เคเบิลเป็นชิ้น ไม่ใช่จำนวนวงจร และยังไม่รวม ampacity/grouping/bending/pulling checks | F2: วสท. 022001-22 ตาราง 5-3: 1 เส้น 53%, 2 เส้น 31%, 3 เส้นขึ้นไป 40%. ตารางนี้แสดงจำนวนสาย/เคเบิลเป็นชิ้น ไม่ใช่จำนวนวงจร และยังไม่รวม ampacity/grouping/bending/pulling checks | G2: วสท. 022001-22 ตาราง 5-3: 1 เส้น 53%, 2 เส้น 31%, 3 เส้นขึ้นไป 40%. ตารางนี้แสดงจำนวนสาย/เคเบิลเป็นชิ้น ไม่ใช่จำนวนวงจร และยังไม่รวม ampacity/grouping/bending/pulling checks | H2: วสท. 022001-22 ตาราง 5-3: 1 เส้น 53%, 2 เส้น 31%, 3 เส้นขึ้นไป 40%. ตารางนี้แสดงจำนวนสาย/เคเบิลเป็นชิ้น ไม่ใช่จำนวนวงจร และยังไม่รวม ampacity/grouping/bending/pulling checks | I2: วสท. 022001-22 ตาราง 5-3: 1 เส้น 53%, 2 เส้น 31%, 3 เส้นขึ้นไป 40%. ตารางนี้แสดงจำนวนสาย/เคเบิลเป็นชิ้น ไม่ใช่จำนวนวงจร และยังไม่รวม ampacity/grouping/bending/pulling checks | J2: วสท. 022001-22 ตาราง 5-3: 1 เส้น 53%, 2 เส้น 31%, 3 เส้นขึ้นไป 40%. ตารางนี้แสดงจำนวนสาย/เคเบิลเป็นชิ้น ไม่ใช่จำนวนวงจร และยังไม่รวม ampacity/grouping/bending/pulling checks | K2: วสท. 022001-22 ตาราง 5-3: 1 เส้น 53%, 2 เส้น 31%, 3 เส้นขึ้นไป 40%. ตารางนี้แสดงจำนวนสาย/เคเบิลเป็นชิ้น ไม่ใช่จำนวนวงจร และยังไม่รวม ampacity/grouping/bending/pulling checks | L2: วสท. 022001-22 ตาราง 5-3: 1 เส้น 53%, 2 เส้น 31%, 3 เส้นขึ้นไป 40%. ตารางนี้แสดงจำนวนสาย/เคเบิลเป็นชิ้น ไม่ใช่จำนวนวงจร และยังไม่รวม ampacity/grouping/bending/pulling checks | M2: วสท. 022001-22 ตาราง 5-3: 1 เส้น 53%, 2 เส้น 31%, 3 เส้นขึ้นไป 40%. ตารางนี้แสดงจำนวนสาย/เคเบิลเป็นชิ้น ไม่ใช่จำนวนวงจร และยังไม่รวม ampacity/grouping/bending/pulling checks | N2: วสท. 022001-22 ตาราง 5-3: 1 เส้น 53%, 2 เส้น 31%, 3 เส้นขึ้นไป 40%. ตารางนี้แสดงจำนวนสาย/เคเบิลเป็นชิ้น ไม่ใช่จำนวนวงจร และยังไม่รวม ampacity/grouping/bending/pulling checks | O2: วสท. 022001-22 ตาราง 5-3: 1 เส้น 53%, 2 เส้น 31%, 3 เส้นขึ้นไป 40%. ตารางนี้แสดงจำนวนสาย/เคเบิลเป็นชิ้น ไม่ใช่จำนวนวงจร และยังไม่รวม ampacity/grouping/bending/pulling checks | P2: วสท. 022001-22 ตาราง 5-3: 1 เส้น 53%, 2 เส้น 31%, 3 เส้นขึ้นไป 40%. ตารางนี้แสดงจำนวนสาย/เคเบิลเป็นชิ้น ไม่ใช่จำนวนวงจร และยังไม่รวม ampacity/grouping/bending/pulling checks
A3: IMC internal ID เป็น screening = Panasonic catalogue OD - 2 x minimum wall thickness; ต้องเปลี่ยนเป็น actual certified ID ก่อน issue design. ค่า 0 = ใส่ไม่ได้ตาม physical fill ของท่อขนาดนั้น | B3: IMC internal ID เป็น screening = Panasonic catalogue OD - 2 x minimum wall thickness; ต้องเปลี่ยนเป็น actual certified ID ก่อน issue design. ค่า 0 = ใส่ไม่ได้ตาม physical fill ของท่อขนาดนั้น | C3: IMC internal ID เป็น screening = Panasonic catalogue OD - 2 x minimum wall thickness; ต้องเปลี่ยนเป็น actual certified ID ก่อน issue design. ค่า 0 = ใส่ไม่ได้ตาม physical fill ของท่อขนาดนั้น | D3: IMC internal ID เป็น screening = Panasonic catalogue OD - 2 x minimum wall thickness; ต้องเปลี่ยนเป็น actual certified ID ก่อน issue design. ค่า 0 = ใส่ไม่ได้ตาม physical fill ของท่อขนาดนั้น | E3: IMC internal ID เป็น screening = Panasonic catalogue OD - 2 x minimum wall thickness; ต้องเปลี่ยนเป็น actual certified ID ก่อน issue design. ค่า 0 = ใส่ไม่ได้ตาม physical fill ของท่อขนาดนั้น | F3: IMC internal ID เป็น screening = Panasonic catalogue OD - 2 x minimum wall thickness; ต้องเปลี่ยนเป็น actual certified ID ก่อน issue design. ค่า 0 = ใส่ไม่ได้ตาม physical fill ของท่อขนาดนั้น | G3: IMC internal ID เป็น screening = Panasonic catalogue OD - 2 x minimum wall thickness; ต้องเปลี่ยนเป็น actual certified ID ก่อน issue design. ค่า 0 = ใส่ไม่ได้ตาม physical fill ของท่อขนาดนั้น | H3: IMC internal ID เป็น screening = Panasonic catalogue OD - 2 x minimum wall thickness; ต้องเปลี่ยนเป็น actual certified ID ก่อน issue design. ค่า 0 = ใส่ไม่ได้ตาม physical fill ของท่อขนาดนั้น | I3: IMC internal ID เป็น screening = Panasonic catalogue OD - 2 x minimum wall thickness; ต้องเปลี่ยนเป็น actual certified ID ก่อน issue design. ค่า 0 = ใส่ไม่ได้ตาม physical fill ของท่อขนาดนั้น | J3: IMC internal ID เป็น screening = Panasonic catalogue OD - 2 x minimum wall thickness; ต้องเปลี่ยนเป็น actual certified ID ก่อน issue design. ค่า 0 = ใส่ไม่ได้ตาม physical fill ของท่อขนาดนั้น | K3: IMC internal ID เป็น screening = Panasonic catalogue OD - 2 x minimum wall thickness; ต้องเปลี่ยนเป็น actual certified ID ก่อน issue design. ค่า 0 = ใส่ไม่ได้ตาม physical fill ของท่อขนาดนั้น | L3: IMC internal ID เป็น screening = Panasonic catalogue OD - 2 x minimum wall thickness; ต้องเปลี่ยนเป็น actual certified ID ก่อน issue design. ค่า 0 = ใส่ไม่ได้ตาม physical fill ของท่อขนาดนั้น | M3: IMC internal ID เป็น screening = Panasonic catalogue OD - 2 x minimum wall thickness; ต้องเปลี่ยนเป็น actual certified ID ก่อน issue design. ค่า 0 = ใส่ไม่ได้ตาม physical fill ของท่อขนาดนั้น | N3: IMC internal ID เป็น screening = Panasonic catalogue OD - 2 x minimum wall thickness; ต้องเปลี่ยนเป็น actual certified ID ก่อน issue design. ค่า 0 = ใส่ไม่ได้ตาม physical fill ของท่อขนาดนั้น | O3: IMC internal ID เป็น screening = Panasonic catalogue OD - 2 x minimum wall thickness; ต้องเปลี่ยนเป็น actual certified ID ก่อน issue design. ค่า 0 = ใส่ไม่ได้ตาม physical fill ของท่อขนาดนั้น | P3: IMC internal ID เป็น screening = Panasonic catalogue OD - 2 x minimum wall thickness; ต้องเปลี่ยนเป็น actual certified ID ก่อน issue design. ค่า 0 = ใส่ไม่ได้ตาม physical fill ของท่อขนาดนั้น
A4: Qty 1 = 53%, Qty 2 = 31%, Qty 3 or more = 40%
A5: Panasonic IMC trade size | B5: Panasonic IMC trade size | C5: Panasonic IMC trade size | D5: Panasonic IMC trade size | E5: Panasonic IMC trade size | F5: Panasonic IMC trade size | G5: 1/2 in | H5: 3/4 in | I5: 1 in | J5: 1-1/4 in | K5: 1-1/2 in | L5: 2 in | M5: 2-1/2 in | N5: 3 in | O5: 3-1/2 in | P5: 4 in | Q5: Added comparison: total fill at the maximum Qty from the left matrix
A6: Screening internal ID (mm) | B6: Screening internal ID (mm) | C6: Screening internal ID (mm) | D6: Screening internal ID (mm) | E6: Screening internal ID (mm) | F6: Screening internal ID (mm) | G6: ='Conduit Data'!M4 -> 17.12 | H6: ='Conduit Data'!M5 -> 22.34 | I6: ='Conduit Data'!M6 -> 28.45 | J6: ='Conduit Data'!M7 -> 37.27 | K6: ='Conduit Data'!M8 -> 43.23 | L6: ='Conduit Data'!M9 -> 55.11 | M6: ='Conduit Data'!M10 -> 65.44 | N6: ='Conduit Data'!M11 -> 81.17 | O6: ='Conduit Data'!M12 -> 93.74 | P6: ='Conduit Data'!M13 -> 106.28 | R6: Formula = left-table Qty × cable area / IMC internal area. This is the full fill percentage for the Qty shown in the left table, not a one-cable ratio.
A7: Internal area (mm²) | B7: Internal area (mm²) | C7: Internal area (mm²) | D7: Internal area (mm²) | E7: Internal area (mm²) | F7: Internal area (mm²) | G7: =PI()*G6^2/4 -> 230.1958 | H7: =PI()*H6^2/4 -> 391.97306 | I7: =PI()*I6^2/4 -> 635.70324 | J7: =PI()*J6^2/4 -> 1090.9596 | K7: =PI()*K6^2/4 -> 1467.7779 | L7: =PI()*L6^2/4 -> 2385.3423 | M7: =PI()*M6^2/4 -> 3363.3841 | N7: =PI()*N6^2/4 -> 5174.6499 | ... P7: =PI()*P6^2/4 -> 8871.4166
A9: System | B9: Cable family | C9: Cores / cable (info.) | D9: CSA mm² | E9: OD mm | F9: Cable area mm² | G9: 1/2 in | H9: 3/4 in | I9: 1 in | J9: 1-1/4 in | K9: 1-1/2 in | L9: 2 in | M9: 2-1/2 in | N9: 3 in | O9: 3-1/2 in | P9: 4 in | Q9: Cable / row | R9: 1/2 in | S9: 3/4 in | T9: 1 in | U9: 1-1/4 in | V9: 1-1/2 in | W9: 2 in | X9: 2-1/2 in | Y9: 3 in | Z9: 3-1/2 in | AA9: 4 in
A10: PV | B10: Phelps Dodge H1Z2Z2-K 4 mm² | C10: 1 | D10: 4 | E10: ='Vendor Register'!$E$4 -> 6 | F10: =PI()*E10^2/4 -> 28.274334 | G10: =IF(G$7="",0,IF(INT(0.4*G$7/$F10)>=3,INT(0.4*G$7/$F10),IF(INT(0.31*G$7/$F10)>=2,2,IF(0.53*G$7/$F10>=1,1,0)))) -> 3 | H10: =IF(H$7="",0,IF(INT(0.4*H$7/$F10)>=3,INT(0.4*H$7/$F10),IF(INT(0.31*H$7/$F10)>=2,2,IF(0.53*H$7/$F10>=1,1,0)))) -> 5 | I10: =IF(I$7="",0,IF(INT(0.4*I$7/$F10)>=3,INT(0.4*I$7/$F10),IF(INT(0.31*I$7/$F10)>=2,2,IF(0.53*I$7/$F10>=1,1,0)))) -> 8 | J10: =IF(J$7="",0,IF(INT(0.4*J$7/$F10)>=3,INT(0.4*J$7/$F10),IF(INT(0.31*J$7/$F10)>=2,2,IF(0.53*J$7/$F10>=1,1,0)))) -> 15 | K10: =IF(K$7="",0,IF(INT(0.4*K$7/$F10)>=3,INT(0.4*K$7/$F10),IF(INT(0.31*K$7/$F10)>=2,2,IF(0.53*K$7/$F10>=1,1,0)))) -> 20 | L10: =IF(L$7="",0,IF(INT(0.4*L$7/$F10)>=3,INT(0.4*L$7/$F10),IF(INT(0.31*L$7/$F10)>=2,2,IF(0.53*L$7/$F10>=1,1,0)))) -> 33 | M10: =IF(M$7="",0,IF(INT(0.4*M$7/$F10)>=3,INT(0.4*M$7/$F10),IF(INT(0.31*M$7/$F10)>=2,2,IF(0.53*M$7/$F10>=1,1,0)))) -> 47 | N10: =IF(N$7="",0,IF(INT(0.4*N$7/$F10)>=3,INT(0.4*N$7/$F10),IF(INT(0.31*N$7/$F10)>=2,2,IF(0.53*N$7/$F10>=1,1,0)))) -> 73 | ... P10: =IF(P$7="",0,IF(INT(0.4*P$7/$F10)>=3,INT(0.4*P$7/$F10),IF(INT(0.31*P$7/$F10)>=2,2,IF(0.53*P$7/$F10>=1,1,0)))) -> 125 | Q10: =B10 -> Phelps Dodge H1Z2Z2-K 4 mm² | R10: =IFERROR($G10*$F10/G$7,"") -> 0.36848196 | S10: =IFERROR($H10*$F10/H$7,"") -> 0.3606668 | T10: =IFERROR($I10*$F10/I$7,"") -> 0.35581803 | U10: =IFERROR($J10*$F10/J$7,"") -> 0.38875409 | V10: =IFERROR($K10*$F10/K$7,"") -> 0.38526719 | W10: =IFERROR($L10*$F10/L$7,"") -> 0.39116106 | X10: =IFERROR($M10*$F10/M$7,"") -> 0.39510614 | Y10: =IFERROR($N10*$F10/N$7,"") -> 0.39887266 | Z10: =IFERROR($O10*$F10/O$7,"") -> 0.39739677 | AA10: =IFERROR($P10*$F10/P$7,"") -> 0.39839091
A11: PV | B11: Phelps Dodge H1Z2Z2-K 6 mm² | C11: 1 | D11: 6 | E11: ='Vendor Register'!$E$5 -> 7 | F11: =PI()*E11^2/4 -> 38.48451 | G11: =IF(G$7="",0,IF(INT(0.4*G$7/$F11)>=3,INT(0.4*G$7/$F11),IF(INT(0.31*G$7/$F11)>=2,2,IF(0.53*G$7/$F11>=1,1,0)))) -> 1 | H11: =IF(H$7="",0,IF(INT(0.4*H$7/$F11)>=3,INT(0.4*H$7/$F11),IF(INT(0.31*H$7/$F11)>=2,2,IF(0.53*H$7/$F11>=1,1,0)))) -> 4 | I11: =IF(I$7="",0,IF(INT(0.4*I$7/$F11)>=3,INT(0.4*I$7/$F11),IF(INT(0.31*I$7/$F11)>=2,2,IF(0.53*I$7/$F11>=1,1,0)))) -> 6 | J11: =IF(J$7="",0,IF(INT(0.4*J$7/$F11)>=3,INT(0.4*J$7/$F11),IF(INT(0.31*J$7/$F11)>=2,2,IF(0.53*J$7/$F11>=1,1,0)))) -> 11 | K11: =IF(K$7="",0,IF(INT(0.4*K$7/$F11)>=3,INT(0.4*K$7/$F11),IF(INT(0.31*K$7/$F11)>=2,2,IF(0.53*K$7/$F11>=1,1,0)))) -> 15 | L11: =IF(L$7="",0,IF(INT(0.4*L$7/$F11)>=3,INT(0.4*L$7/$F11),IF(INT(0.31*L$7/$F11)>=2,2,IF(0.53*L$7/$F11>=1,1,0)))) -> 24 | M11: =IF(M$7="",0,IF(INT(0.4*M$7/$F11)>=3,INT(0.4*M$7/$F11),IF(INT(0.31*M$7/$F11)>=2,2,IF(0.53*M$7/$F11>=1,1,0)))) -> 34 | N11: =IF(N$7="",0,IF(INT(0.4*N$7/$F11)>=3,INT(0.4*N$7/$F11),IF(INT(0.31*N$7/$F11)>=2,2,IF(0.53*N$7/$F11>=1,1,0)))) -> 53 | ... P11: =IF(P$7="",0,IF(INT(0.4*P$7/$F11)>=3,INT(0.4*P$7/$F11),IF(INT(0.31*P$7/$F11)>=2,2,IF(0.53*P$7/$F11>=1,1,0)))) -> 92 | Q11: =B11 -> Phelps Dodge H1Z2Z2-K 6 mm² | R11: =IFERROR($G11*$F11/G$7,"") -> 0.16718163 | S11: =IFERROR($H11*$F11/H$7,"") -> 0.39272607 | T11: =IFERROR($I11*$F11/I$7,"") -> 0.3632309 | U11: =IFERROR($J11*$F11/J$7,"") -> 0.38803418 | V11: =IFERROR($K11*$F11/K$7,"") -> 0.39329359 | W11: =IFERROR($L11*$F11/L$7,"") -> 0.38720994 | X11: =IFERROR($M11*$F11/M$7,"") -> 0.38903477 | Y11: =IFERROR($N11*$F11/N$7,"") -> 0.39416754 | Z11: =IFERROR($O11*$F11/O$7,"") -> 0.39591735 | AA11: =IFERROR($P11*$F11/P$7,"") -> 0.39909916
A12: PV | B12: Phelps Dodge H1Z2Z2-K 10 mm² | C12: 1 | D12: 10 | E12: ='Vendor Register'!$E$6 -> 8.2 | F12: =PI()*E12^2/4 -> 52.810173 | G12: =IF(G$7="",0,IF(INT(0.4*G$7/$F12)>=3,INT(0.4*G$7/$F12),IF(INT(0.31*G$7/$F12)>=2,2,IF(0.53*G$7/$F12>=1,1,0)))) -> 1 | H12: =IF(H$7="",0,IF(INT(0.4*H$7/$F12)>=3,INT(0.4*H$7/$F12),IF(INT(0.31*H$7/$F12)>=2,2,IF(0.53*H$7/$F12>=1,1,0)))) -> 2 | I12: =IF(I$7="",0,IF(INT(0.4*I$7/$F12)>=3,INT(0.4*I$7/$F12),IF(INT(0.31*I$7/$F12)>=2,2,IF(0.53*I$7/$F12>=1,1,0)))) -> 4 | J12: =IF(J$7="",0,IF(INT(0.4*J$7/$F12)>=3,INT(0.4*J$7/$F12),IF(INT(0.31*J$7/$F12)>=2,2,IF(0.53*J$7/$F12>=1,1,0)))) -> 8 | K12: =IF(K$7="",0,IF(INT(0.4*K$7/$F12)>=3,INT(0.4*K$7/$F12),IF(INT(0.31*K$7/$F12)>=2,2,IF(0.53*K$7/$F12>=1,1,0)))) -> 11 | L12: =IF(L$7="",0,IF(INT(0.4*L$7/$F12)>=3,INT(0.4*L$7/$F12),IF(INT(0.31*L$7/$F12)>=2,2,IF(0.53*L$7/$F12>=1,1,0)))) -> 18 | M12: =IF(M$7="",0,IF(INT(0.4*M$7/$F12)>=3,INT(0.4*M$7/$F12),IF(INT(0.31*M$7/$F12)>=2,2,IF(0.53*M$7/$F12>=1,1,0)))) -> 25 | N12: =IF(N$7="",0,IF(INT(0.4*N$7/$F12)>=3,INT(0.4*N$7/$F12),IF(INT(0.31*N$7/$F12)>=2,2,IF(0.53*N$7/$F12>=1,1,0)))) -> 39 | ... P12: =IF(P$7="",0,IF(INT(0.4*P$7/$F12)>=3,INT(0.4*P$7/$F12),IF(INT(0.31*P$7/$F12)>=2,2,IF(0.53*P$7/$F12>=1,1,0)))) -> 67 | Q12: =B12 -> Phelps Dodge H1Z2Z2-K 10 mm² | R12: =IFERROR($G12*$F12/G$7,"") -> 0.22941414 | S12: =IFERROR($H12*$F12/H$7,"") -> 0.26945817 | T12: =IFERROR($I12*$F12/I$7,"") -> 0.3322945 | U12: =IFERROR($J12*$F12/J$7,"") -> 0.38725667 | V12: =IFERROR($K12*$F12/K$7,"") -> 0.39577642 | W12: =IFERROR($L12*$F12/L$7,"") -> 0.39851015 | X12: =IFERROR($M12*$F12/M$7,"") -> 0.39253748 | Y12: =IFERROR($N12*$F12/N$7,"") -> 0.39801663 | Z12: =IFERROR($O12*$F12/O$7,"") -> 0.39790661 | AA12: =IFERROR($P12*$F12/P$7,"") -> 0.39884065
A13: PV | B13: Phelps Dodge H1Z2Z2-K 16 mm² | C13: 1 | D13: 16 | E13: ='Vendor Register'!$E$7 -> 9.8 | F13: =PI()*E13^2/4 -> 75.42964 | G13: =IF(G$7="",0,IF(INT(0.4*G$7/$F13)>=3,INT(0.4*G$7/$F13),IF(INT(0.31*G$7/$F13)>=2,2,IF(0.53*G$7/$F13>=1,1,0)))) -> 1 | H13: =IF(H$7="",0,IF(INT(0.4*H$7/$F13)>=3,INT(0.4*H$7/$F13),IF(INT(0.31*H$7/$F13)>=2,2,IF(0.53*H$7/$F13>=1,1,0)))) -> 1 | I13: =IF(I$7="",0,IF(INT(0.4*I$7/$F13)>=3,INT(0.4*I$7/$F13),IF(INT(0.31*I$7/$F13)>=2,2,IF(0.53*I$7/$F13>=1,1,0)))) -> 3 | J13: =IF(J$7="",0,IF(INT(0.4*J$7/$F13)>=3,INT(0.4*J$7/$F13),IF(INT(0.31*J$7/$F13)>=2,2,IF(0.53*J$7/$F13>=1,1,0)))) -> 5 | K13: =IF(K$7="",0,IF(INT(0.4*K$7/$F13)>=3,INT(0.4*K$7/$F13),IF(INT(0.31*K$7/$F13)>=2,2,IF(0.53*K$7/$F13>=1,1,0)))) -> 7 | L13: =IF(L$7="",0,IF(INT(0.4*L$7/$F13)>=3,INT(0.4*L$7/$F13),IF(INT(0.31*L$7/$F13)>=2,2,IF(0.53*L$7/$F13>=1,1,0)))) -> 12 | M13: =IF(M$7="",0,IF(INT(0.4*M$7/$F13)>=3,INT(0.4*M$7/$F13),IF(INT(0.31*M$7/$F13)>=2,2,IF(0.53*M$7/$F13>=1,1,0)))) -> 17 | N13: =IF(N$7="",0,IF(INT(0.4*N$7/$F13)>=3,INT(0.4*N$7/$F13),IF(INT(0.31*N$7/$F13)>=2,2,IF(0.53*N$7/$F13>=1,1,0)))) -> 27 | ... P13: =IF(P$7="",0,IF(INT(0.4*P$7/$F13)>=3,INT(0.4*P$7/$F13),IF(INT(0.31*P$7/$F13)>=2,2,IF(0.53*P$7/$F13>=1,1,0)))) -> 47 | Q13: =B13 -> Phelps Dodge H1Z2Z2-K 16 mm² | R13: =IFERROR($G13*$F13/G$7,"") -> 0.327676 | S13: =IFERROR($H13*$F13/H$7,"") -> 0.19243578 | T13: =IFERROR($I13*$F13/I$7,"") -> 0.35596628 | U13: =IFERROR($J13*$F13/J$7,"") -> 0.34570318 | V13: =IFERROR($K13*$F13/K$7,"") -> 0.35973254 | W13: =IFERROR($L13*$F13/L$7,"") -> 0.37946574 | X13: =IFERROR($M13*$F13/M$7,"") -> 0.38125407 | Y13: =IFERROR($N13*$F13/N$7,"") -> 0.39357257 | Z13: =IFERROR($O13*$F13/O$7,"") -> 0.39346377 | AA13: =IFERROR($P13*$F13/P$7,"") -> 0.39961973
A14: AC | B14: Phelps Dodge CV/CV-FD-1C | 25 mm² | C14: 1 | D14: 25 | E14: 12 | F14: =PI()*E14^2/4 -> 113.09734 | G14: =IF(G$7="",0,IF(INT(0.4*G$7/$F14)>=3,INT(0.4*G$7/$F14),IF(INT(0.31*G$7/$F14)>=2,2,IF(0.53*G$7/$F14>=1,1,0)))) -> 1 | H14: =IF(H$7="",0,IF(INT(0.4*H$7/$F14)>=3,INT(0.4*H$7/$F14),IF(INT(0.31*H$7/$F14)>=2,2,IF(0.53*H$7/$F14>=1,1,0)))) -> 1 | I14: =IF(I$7="",0,IF(INT(0.4*I$7/$F14)>=3,INT(0.4*I$7/$F14),IF(INT(0.31*I$7/$F14)>=2,2,IF(0.53*I$7/$F14>=1,1,0)))) -> 1 | J14: =IF(J$7="",0,IF(INT(0.4*J$7/$F14)>=3,INT(0.4*J$7/$F14),IF(INT(0.31*J$7/$F14)>=2,2,IF(0.53*J$7/$F14>=1,1,0)))) -> 3 | K14: =IF(K$7="",0,IF(INT(0.4*K$7/$F14)>=3,INT(0.4*K$7/$F14),IF(INT(0.31*K$7/$F14)>=2,2,IF(0.53*K$7/$F14>=1,1,0)))) -> 5 | L14: =IF(L$7="",0,IF(INT(0.4*L$7/$F14)>=3,INT(0.4*L$7/$F14),IF(INT(0.31*L$7/$F14)>=2,2,IF(0.53*L$7/$F14>=1,1,0)))) -> 8 | M14: =IF(M$7="",0,IF(INT(0.4*M$7/$F14)>=3,INT(0.4*M$7/$F14),IF(INT(0.31*M$7/$F14)>=2,2,IF(0.53*M$7/$F14>=1,1,0)))) -> 11 | N14: =IF(N$7="",0,IF(INT(0.4*N$7/$F14)>=3,INT(0.4*N$7/$F14),IF(INT(0.31*N$7/$F14)>=2,2,IF(0.53*N$7/$F14>=1,1,0)))) -> 18 | ... P14: =IF(P$7="",0,IF(INT(0.4*P$7/$F14)>=3,INT(0.4*P$7/$F14),IF(INT(0.31*P$7/$F14)>=2,2,IF(0.53*P$7/$F14>=1,1,0)))) -> 31 | R14: =IFERROR($G14*$F14/G$7,"") -> 0.49130928 | S14: =IFERROR($H14*$F14/H$7,"") -> 0.28853344 | T14: =IFERROR($I14*$F14/I$7,"") -> 0.17790901 | U14: =IFERROR($J14*$F14/J$7,"") -> 0.31100327 | V14: =IFERROR($K14*$F14/K$7,"") -> 0.38526719 | W14: =IFERROR($L14*$F14/L$7,"") -> 0.3793077 | X14: =IFERROR($M14*$F14/M$7,"") -> 0.3698866 | Y14: =IFERROR($N14*$F14/N$7,"") -> 0.39340865 | Z14: =IFERROR($O14*$F14/O$7,"") -> 0.3932999 | AA14: =IFERROR($P14*$F14/P$7,"") -> 0.39520378
A15: AC | B15: Phelps Dodge CV/CV-FD-1C | 35 mm² | C15: 1 | D15: 35 | E15: 13 | F15: =PI()*E15^2/4 -> 132.73229 | G15: =IF(G$7="",0,IF(INT(0.4*G$7/$F15)>=3,INT(0.4*G$7/$F15),IF(INT(0.31*G$7/$F15)>=2,2,IF(0.53*G$7/$F15>=1,1,0)))) -> 0 | H15: =IF(H$7="",0,IF(INT(0.4*H$7/$F15)>=3,INT(0.4*H$7/$F15),IF(INT(0.31*H$7/$F15)>=2,2,IF(0.53*H$7/$F15>=1,1,0)))) -> 1 | I15: =IF(I$7="",0,IF(INT(0.4*I$7/$F15)>=3,INT(0.4*I$7/$F15),IF(INT(0.31*I$7/$F15)>=2,2,IF(0.53*I$7/$F15>=1,1,0)))) -> 1 | J15: =IF(J$7="",0,IF(INT(0.4*J$7/$F15)>=3,INT(0.4*J$7/$F15),IF(INT(0.31*J$7/$F15)>=2,2,IF(0.53*J$7/$F15>=1,1,0)))) -> 3 | K15: =IF(K$7="",0,IF(INT(0.4*K$7/$F15)>=3,INT(0.4*K$7/$F15),IF(INT(0.31*K$7/$F15)>=2,2,IF(0.53*K$7/$F15>=1,1,0)))) -> 4 | L15: =IF(L$7="",0,IF(INT(0.4*L$7/$F15)>=3,INT(0.4*L$7/$F15),IF(INT(0.31*L$7/$F15)>=2,2,IF(0.53*L$7/$F15>=1,1,0)))) -> 7 | M15: =IF(M$7="",0,IF(INT(0.4*M$7/$F15)>=3,INT(0.4*M$7/$F15),IF(INT(0.31*M$7/$F15)>=2,2,IF(0.53*M$7/$F15>=1,1,0)))) -> 10 | N15: =IF(N$7="",0,IF(INT(0.4*N$7/$F15)>=3,INT(0.4*N$7/$F15),IF(INT(0.31*N$7/$F15)>=2,2,IF(0.53*N$7/$F15>=1,1,0)))) -> 15 | ... P15: =IF(P$7="",0,IF(INT(0.4*P$7/$F15)>=3,INT(0.4*P$7/$F15),IF(INT(0.31*P$7/$F15)>=2,2,IF(0.53*P$7/$F15>=1,1,0)))) -> 26 | R15: =IFERROR($G15*$F15/G$7,"") -> 0 | S15: =IFERROR($H15*$F15/H$7,"") -> 0.33862605 | T15: =IFERROR($I15*$F15/I$7,"") -> 0.20879599 | U15: =IFERROR($J15*$F15/J$7,"") -> 0.3649969 | V15: =IFERROR($K15*$F15/K$7,"") -> 0.36172308 | W15: =IFERROR($L15*$F15/L$7,"") -> 0.38951476 | X15: =IFERROR($M15*$F15/M$7,"") -> 0.39463911 | Y15: =IFERROR($N15*$F15/N$7,"") -> 0.3847573 | Z15: =IFERROR($O15*$F15/O$7,"") -> 0.38465094 | AA15: =IFERROR($P15*$F15/P$7,"") -> 0.38900659
A16: AC | B16: Phelps Dodge CV/CV-FD-1C | 50 mm² | C16: 1 | D16: 50 | E16: 15 | F16: =PI()*E16^2/4 -> 176.71459 | G16: =IF(G$7="",0,IF(INT(0.4*G$7/$F16)>=3,INT(0.4*G$7/$F16),IF(INT(0.31*G$7/$F16)>=2,2,IF(0.53*G$7/$F16>=1,1,0)))) -> 0 | H16: =IF(H$7="",0,IF(INT(0.4*H$7/$F16)>=3,INT(0.4*H$7/$F16),IF(INT(0.31*H$7/$F16)>=2,2,IF(0.53*H$7/$F16>=1,1,0)))) -> 1 | I16: =IF(I$7="",0,IF(INT(0.4*I$7/$F16)>=3,INT(0.4*I$7/$F16),IF(INT(0.31*I$7/$F16)>=2,2,IF(0.53*I$7/$F16>=1,1,0)))) -> 1 | J16: =IF(J$7="",0,IF(INT(0.4*J$7/$F16)>=3,INT(0.4*J$7/$F16),IF(INT(0.31*J$7/$F16)>=2,2,IF(0.53*J$7/$F16>=1,1,0)))) -> 1 | K16: =IF(K$7="",0,IF(INT(0.4*K$7/$F16)>=3,INT(0.4*K$7/$F16),IF(INT(0.31*K$7/$F16)>=2,2,IF(0.53*K$7/$F16>=1,1,0)))) -> 3 | L16: =IF(L$7="",0,IF(INT(0.4*L$7/$F16)>=3,INT(0.4*L$7/$F16),IF(INT(0.31*L$7/$F16)>=2,2,IF(0.53*L$7/$F16>=1,1,0)))) -> 5 | M16: =IF(M$7="",0,IF(INT(0.4*M$7/$F16)>=3,INT(0.4*M$7/$F16),IF(INT(0.31*M$7/$F16)>=2,2,IF(0.53*M$7/$F16>=1,1,0)))) -> 7 | N16: =IF(N$7="",0,IF(INT(0.4*N$7/$F16)>=3,INT(0.4*N$7/$F16),IF(INT(0.31*N$7/$F16)>=2,2,IF(0.53*N$7/$F16>=1,1,0)))) -> 11 | ... P16: =IF(P$7="",0,IF(INT(0.4*P$7/$F16)>=3,INT(0.4*P$7/$F16),IF(INT(0.31*P$7/$F16)>=2,2,IF(0.53*P$7/$F16>=1,1,0)))) -> 20 | R16: =IFERROR($G16*$F16/G$7,"") -> 0 | S16: =IFERROR($H16*$F16/H$7,"") -> 0.4508335 | T16: =IFERROR($I16*$F16/I$7,"") -> 0.27798283 | U16: =IFERROR($J16*$F16/J$7,"") -> 0.16198087 | V16: =IFERROR($K16*$F16/K$7,"") -> 0.36118799 | W16: =IFERROR($L16*$F16/L$7,"") -> 0.37041767 | X16: =IFERROR($M16*$F16/M$7,"") -> 0.36778497 | Y16: =IFERROR($N16*$F16/N$7,"") -> 0.37565062 | Z16: =IFERROR($O16*$F16/O$7,"") -> 0.38408193 | AA16: =IFERROR($P16*$F16/P$7,"") -> 0.39839091
A17: AC | B17: Phelps Dodge CV/CV-FD-1C | 70 mm² | C17: 1 | D17: 70 | E17: 16 | F17: =PI()*E17^2/4 -> 201.06193 | G17: =IF(G$7="",0,IF(INT(0.4*G$7/$F17)>=3,INT(0.4*G$7/$F17),IF(INT(0.31*G$7/$F17)>=2,2,IF(0.53*G$7/$F17>=1,1,0)))) -> 0 | H17: =IF(H$7="",0,IF(INT(0.4*H$7/$F17)>=3,INT(0.4*H$7/$F17),IF(INT(0.31*H$7/$F17)>=2,2,IF(0.53*H$7/$F17>=1,1,0)))) -> 1 | I17: =IF(I$7="",0,IF(INT(0.4*I$7/$F17)>=3,INT(0.4*I$7/$F17),IF(INT(0.31*I$7/$F17)>=2,2,IF(0.53*I$7/$F17>=1,1,0)))) -> 1 | J17: =IF(J$7="",0,IF(INT(0.4*J$7/$F17)>=3,INT(0.4*J$7/$F17),IF(INT(0.31*J$7/$F17)>=2,2,IF(0.53*J$7/$F17>=1,1,0)))) -> 1 | K17: =IF(K$7="",0,IF(INT(0.4*K$7/$F17)>=3,INT(0.4*K$7/$F17),IF(INT(0.31*K$7/$F17)>=2,2,IF(0.53*K$7/$F17>=1,1,0)))) -> 2 | L17: =IF(L$7="",0,IF(INT(0.4*L$7/$F17)>=3,INT(0.4*L$7/$F17),IF(INT(0.31*L$7/$F17)>=2,2,IF(0.53*L$7/$F17>=1,1,0)))) -> 4 | M17: =IF(M$7="",0,IF(INT(0.4*M$7/$F17)>=3,INT(0.4*M$7/$F17),IF(INT(0.31*M$7/$F17)>=2,2,IF(0.53*M$7/$F17>=1,1,0)))) -> 6 | N17: =IF(N$7="",0,IF(INT(0.4*N$7/$F17)>=3,INT(0.4*N$7/$F17),IF(INT(0.31*N$7/$F17)>=2,2,IF(0.53*N$7/$F17>=1,1,0)))) -> 10 | ... P17: =IF(P$7="",0,IF(INT(0.4*P$7/$F17)>=3,INT(0.4*P$7/$F17),IF(INT(0.31*P$7/$F17)>=2,2,IF(0.53*P$7/$F17>=1,1,0)))) -> 17 | R17: =IFERROR($G17*$F17/G$7,"") -> 0 | S17: =IFERROR($H17*$F17/H$7,"") -> 0.51294834 | T17: =IFERROR($I17*$F17/I$7,"") -> 0.31628269 | U17: =IFERROR($J17*$F17/J$7,"") -> 0.18429824 | V17: =IFERROR($K17*$F17/K$7,"") -> 0.27396778 | W17: =IFERROR($L17*$F17/L$7,"") -> 0.3371624 | X17: =IFERROR($M17*$F17/M$7,"") -> 0.35867791 | Y17: =IFERROR($N17*$F17/N$7,"") -> 0.38855175 | Z17: =IFERROR($O17*$F17/O$7,"") -> 0.37873324 | AA17: =IFERROR($P17*$F17/P$7,"") -> 0.38528828
A18: AC | B18: Phelps Dodge CV/CV-FD-1C | 95 mm² | C18: 1 | D18: 95 | E18: 18 | F18: =PI()*E18^2/4 -> 254.469 | G18: =IF(G$7="",0,IF(INT(0.4*G$7/$F18)>=3,INT(0.4*G$7/$F18),IF(INT(0.31*G$7/$F18)>=2,2,IF(0.53*G$7/$F18>=1,1,0)))) -> 0 | H18: =IF(H$7="",0,IF(INT(0.4*H$7/$F18)>=3,INT(0.4*H$7/$F18),IF(INT(0.31*H$7/$F18)>=2,2,IF(0.53*H$7/$F18>=1,1,0)))) -> 0 | I18: =IF(I$7="",0,IF(INT(0.4*I$7/$F18)>=3,INT(0.4*I$7/$F18),IF(INT(0.31*I$7/$F18)>=2,2,IF(0.53*I$7/$F18>=1,1,0)))) -> 1 | J18: =IF(J$7="",0,IF(INT(0.4*J$7/$F18)>=3,INT(0.4*J$7/$F18),IF(INT(0.31*J$7/$F18)>=2,2,IF(0.53*J$7/$F18>=1,1,0)))) -> 1 | K18: =IF(K$7="",0,IF(INT(0.4*K$7/$F18)>=3,INT(0.4*K$7/$F18),IF(INT(0.31*K$7/$F18)>=2,2,IF(0.53*K$7/$F18>=1,1,0)))) -> 1 | L18: =IF(L$7="",0,IF(INT(0.4*L$7/$F18)>=3,INT(0.4*L$7/$F18),IF(INT(0.31*L$7/$F18)>=2,2,IF(0.53*L$7/$F18>=1,1,0)))) -> 3 | M18: =IF(M$7="",0,IF(INT(0.4*M$7/$F18)>=3,INT(0.4*M$7/$F18),IF(INT(0.31*M$7/$F18)>=2,2,IF(0.53*M$7/$F18>=1,1,0)))) -> 5 | N18: =IF(N$7="",0,IF(INT(0.4*N$7/$F18)>=3,INT(0.4*N$7/$F18),IF(INT(0.31*N$7/$F18)>=2,2,IF(0.53*N$7/$F18>=1,1,0)))) -> 8 | ... P18: =IF(P$7="",0,IF(INT(0.4*P$7/$F18)>=3,INT(0.4*P$7/$F18),IF(INT(0.31*P$7/$F18)>=2,2,IF(0.53*P$7/$F18>=1,1,0)))) -> 13 | R18: =IFERROR($G18*$F18/G$7,"") -> 0 | S18: =IFERROR($H18*$F18/H$7,"") -> 0 | T18: =IFERROR($I18*$F18/I$7,"") -> 0.40029528 | U18: =IFERROR($J18*$F18/J$7,"") -> 0.23325246 | V18: =IFERROR($K18*$F18/K$7,"") -> 0.17337024 | W18: =IFERROR($L18*$F18/L$7,"") -> 0.32004087 | X18: =IFERROR($M18*$F18/M$7,"") -> 0.37829311 | Y18: =IFERROR($N18*$F18/N$7,"") -> 0.39340865 | Z18: =IFERROR($O18*$F18/O$7,"") -> 0.36871866 | AA18: =IFERROR($P18*$F18/P$7,"") -> 0.37289389
A19: AC | B19: Phelps Dodge CV/CV-FD-1C | 120 mm² | C19: 1 | D19: 120 | E19: 20 | F19: =PI()*E19^2/4 -> 314.15927 | G19: =IF(G$7="",0,IF(INT(0.4*G$7/$F19)>=3,INT(0.4*G$7/$F19),IF(INT(0.31*G$7/$F19)>=2,2,IF(0.53*G$7/$F19>=1,1,0)))) -> 0 | H19: =IF(H$7="",0,IF(INT(0.4*H$7/$F19)>=3,INT(0.4*H$7/$F19),IF(INT(0.31*H$7/$F19)>=2,2,IF(0.53*H$7/$F19>=1,1,0)))) -> 0 | I19: =IF(I$7="",0,IF(INT(0.4*I$7/$F19)>=3,INT(0.4*I$7/$F19),IF(INT(0.31*I$7/$F19)>=2,2,IF(0.53*I$7/$F19>=1,1,0)))) -> 1 | J19: =IF(J$7="",0,IF(INT(0.4*J$7/$F19)>=3,INT(0.4*J$7/$F19),IF(INT(0.31*J$7/$F19)>=2,2,IF(0.53*J$7/$F19>=1,1,0)))) -> 1 | K19: =IF(K$7="",0,IF(INT(0.4*K$7/$F19)>=3,INT(0.4*K$7/$F19),IF(INT(0.31*K$7/$F19)>=2,2,IF(0.53*K$7/$F19>=1,1,0)))) -> 1 | L19: =IF(L$7="",0,IF(INT(0.4*L$7/$F19)>=3,INT(0.4*L$7/$F19),IF(INT(0.31*L$7/$F19)>=2,2,IF(0.53*L$7/$F19>=1,1,0)))) -> 3 | M19: =IF(M$7="",0,IF(INT(0.4*M$7/$F19)>=3,INT(0.4*M$7/$F19),IF(INT(0.31*M$7/$F19)>=2,2,IF(0.53*M$7/$F19>=1,1,0)))) -> 4 | N19: =IF(N$7="",0,IF(INT(0.4*N$7/$F19)>=3,INT(0.4*N$7/$F19),IF(INT(0.31*N$7/$F19)>=2,2,IF(0.53*N$7/$F19>=1,1,0)))) -> 6 | ... P19: =IF(P$7="",0,IF(INT(0.4*P$7/$F19)>=3,INT(0.4*P$7/$F19),IF(INT(0.31*P$7/$F19)>=2,2,IF(0.53*P$7/$F19>=1,1,0)))) -> 11 | R19: =IFERROR($G19*$F19/G$7,"") -> 0 | S19: =IFERROR($H19*$F19/H$7,"") -> 0 | T19: =IFERROR($I19*$F19/I$7,"") -> 0.4941917 | U19: =IFERROR($J19*$F19/J$7,"") -> 0.28796599 | V19: =IFERROR($K19*$F19/K$7,"") -> 0.21403733 | W19: =IFERROR($L19*$F19/L$7,"") -> 0.39511219 | X19: =IFERROR($M19*$F19/M$7,"") -> 0.37362283 | Y19: =IFERROR($N19*$F19/N$7,"") -> 0.36426727 | Z19: =IFERROR($O19*$F19/O$7,"") -> 0.36416657 | AA19: =IFERROR($P19*$F19/P$7,"") -> 0.38953778
A20: AC | B20: Phelps Dodge CV/CV-FD-1C | 150 mm² | C20: 1 | D20: 150 | E20: 22 | F20: =PI()*E20^2/4 -> 380.13271 | G20: =IF(INT(0.4*G$7/$F20)>=3,INT(0.4*G$7/$F20),IF(INT(0.31*G$7/$F20)>=2,2,IF(0.53*G$7/$F20>=1,1,0))) -> 0 | H20: =IF(INT(0.4*H$7/$F20)>=3,INT(0.4*H$7/$F20),IF(INT(0.31*H$7/$F20)>=2,2,IF(0.53*H$7/$F20>=1,1,0))) -> 0 | I20: =IF(INT(0.4*I$7/$F20)>=3,INT(0.4*I$7/$F20),IF(INT(0.31*I$7/$F20)>=2,2,IF(0.53*I$7/$F20>=1,1,0))) -> 0 | J20: =IF(INT(0.4*J$7/$F20)>=3,INT(0.4*J$7/$F20),IF(INT(0.31*J$7/$F20)>=2,2,IF(0.53*J$7/$F20>=1,1,0))) -> 1 | K20: =IF(INT(0.4*K$7/$F20)>=3,INT(0.4*K$7/$F20),IF(INT(0.31*K$7/$F20)>=2,2,IF(0.53*K$7/$F20>=1,1,0))) -> 1 | L20: =IF(INT(0.4*L$7/$F20)>=3,INT(0.4*L$7/$F20),IF(INT(0.31*L$7/$F20)>=2,2,IF(0.53*L$7/$F20>=1,1,0))) -> 1 | M20: =IF(INT(0.4*M$7/$F20)>=3,INT(0.4*M$7/$F20),IF(INT(0.31*M$7/$F20)>=2,2,IF(0.53*M$7/$F20>=1,1,0))) -> 3 | N20: =IF(INT(0.4*N$7/$F20)>=3,INT(0.4*N$7/$F20),IF(INT(0.31*N$7/$F20)>=2,2,IF(0.53*N$7/$F20>=1,1,0))) -> 5 | ... P20: =IF(INT(0.4*P$7/$F20)>=3,INT(0.4*P$7/$F20),IF(INT(0.31*P$7/$F20)>=2,2,IF(0.53*P$7/$F20>=1,1,0))) -> 9 | R20: =IFERROR($G20*$F20/G$7,"") -> 0 | S20: =IFERROR($H20*$F20/H$7,"") -> 0 | T20: =IFERROR($I20*$F20/I$7,"") -> 0 | U20: =IFERROR($J20*$F20/J$7,"") -> 0.34843885 | V20: =IFERROR($K20*$F20/K$7,"") -> 0.25898517 | W20: =IFERROR($L20*$F20/L$7,"") -> 0.15936191 | X20: =IFERROR($M20*$F20/M$7,"") -> 0.33906271 | Y20: =IFERROR($N20*$F20/N$7,"") -> 0.36730283 | Z20: =IFERROR($O20*$F20/O$7,"") -> 0.38556136 | AA20: =IFERROR($P20*$F20/P$7,"") -> 0.3856424
A21: AC | B21: Phelps Dodge CV/CV-FD-1C | 185 mm² | C21: 1 | D21: 185 | E21: 24 | F21: =PI()*E21^2/4 -> 452.38934 | G21: =IF(INT(0.4*G$7/$F21)>=3,INT(0.4*G$7/$F21),IF(INT(0.31*G$7/$F21)>=2,2,IF(0.53*G$7/$F21>=1,1,0))) -> 0 | H21: =IF(INT(0.4*H$7/$F21)>=3,INT(0.4*H$7/$F21),IF(INT(0.31*H$7/$F21)>=2,2,IF(0.53*H$7/$F21>=1,1,0))) -> 0 | I21: =IF(INT(0.4*I$7/$F21)>=3,INT(0.4*I$7/$F21),IF(INT(0.31*I$7/$F21)>=2,2,IF(0.53*I$7/$F21>=1,1,0))) -> 0 | J21: =IF(INT(0.4*J$7/$F21)>=3,INT(0.4*J$7/$F21),IF(INT(0.31*J$7/$F21)>=2,2,IF(0.53*J$7/$F21>=1,1,0))) -> 1 | K21: =IF(INT(0.4*K$7/$F21)>=3,INT(0.4*K$7/$F21),IF(INT(0.31*K$7/$F21)>=2,2,IF(0.53*K$7/$F21>=1,1,0))) -> 1 | L21: =IF(INT(0.4*L$7/$F21)>=3,INT(0.4*L$7/$F21),IF(INT(0.31*L$7/$F21)>=2,2,IF(0.53*L$7/$F21>=1,1,0))) -> 1 | M21: =IF(INT(0.4*M$7/$F21)>=3,INT(0.4*M$7/$F21),IF(INT(0.31*M$7/$F21)>=2,2,IF(0.53*M$7/$F21>=1,1,0))) -> 2 | N21: =IF(INT(0.4*N$7/$F21)>=3,INT(0.4*N$7/$F21),IF(INT(0.31*N$7/$F21)>=2,2,IF(0.53*N$7/$F21>=1,1,0))) -> 4 | ... P21: =IF(INT(0.4*P$7/$F21)>=3,INT(0.4*P$7/$F21),IF(INT(0.31*P$7/$F21)>=2,2,IF(0.53*P$7/$F21>=1,1,0))) -> 7 | R21: =IFERROR($G21*$F21/G$7,"") -> 0 | S21: =IFERROR($H21*$F21/H$7,"") -> 0 | T21: =IFERROR($I21*$F21/I$7,"") -> 0 | U21: =IFERROR($J21*$F21/J$7,"") -> 0.41467103 | V21: =IFERROR($K21*$F21/K$7,"") -> 0.30821375 | W21: =IFERROR($L21*$F21/L$7,"") -> 0.18965385 | X21: =IFERROR($M21*$F21/M$7,"") -> 0.26900843 | Y21: =IFERROR($N21*$F21/N$7,"") -> 0.34969658 | Z21: =IFERROR($O21*$F21/O$7,"") -> 0.3932999 | AA21: =IFERROR($P21*$F21/P$7,"") -> 0.35695826
A22: AC | B22: Phelps Dodge CV/CV-FD-1C | 240 mm² | C22: 1 | D22: 240 | E22: 27 | F22: =PI()*E22^2/4 -> 572.55526 | G22: =IF(INT(0.4*G$7/$F22)>=3,INT(0.4*G$7/$F22),IF(INT(0.31*G$7/$F22)>=2,2,IF(0.53*G$7/$F22>=1,1,0))) -> 0 | H22: =IF(INT(0.4*H$7/$F22)>=3,INT(0.4*H$7/$F22),IF(INT(0.31*H$7/$F22)>=2,2,IF(0.53*H$7/$F22>=1,1,0))) -> 0 | I22: =IF(INT(0.4*I$7/$F22)>=3,INT(0.4*I$7/$F22),IF(INT(0.31*I$7/$F22)>=2,2,IF(0.53*I$7/$F22>=1,1,0))) -> 0 | J22: =IF(INT(0.4*J$7/$F22)>=3,INT(0.4*J$7/$F22),IF(INT(0.31*J$7/$F22)>=2,2,IF(0.53*J$7/$F22>=1,1,0))) -> 1 | K22: =IF(INT(0.4*K$7/$F22)>=3,INT(0.4*K$7/$F22),IF(INT(0.31*K$7/$F22)>=2,2,IF(0.53*K$7/$F22>=1,1,0))) -> 1 | L22: =IF(INT(0.4*L$7/$F22)>=3,INT(0.4*L$7/$F22),IF(INT(0.31*L$7/$F22)>=2,2,IF(0.53*L$7/$F22>=1,1,0))) -> 1 | M22: =IF(INT(0.4*M$7/$F22)>=3,INT(0.4*M$7/$F22),IF(INT(0.31*M$7/$F22)>=2,2,IF(0.53*M$7/$F22>=1,1,0))) -> 1 | N22: =IF(INT(0.4*N$7/$F22)>=3,INT(0.4*N$7/$F22),IF(INT(0.31*N$7/$F22)>=2,2,IF(0.53*N$7/$F22>=1,1,0))) -> 3 | ... P22: =IF(INT(0.4*P$7/$F22)>=3,INT(0.4*P$7/$F22),IF(INT(0.31*P$7/$F22)>=2,2,IF(0.53*P$7/$F22>=1,1,0))) -> 6 | R22: =IFERROR($G22*$F22/G$7,"") -> 0 | S22: =IFERROR($H22*$F22/H$7,"") -> 0 | T22: =IFERROR($I22*$F22/I$7,"") -> 0 | U22: =IFERROR($J22*$F22/J$7,"") -> 0.52481803 | V22: =IFERROR($K22*$F22/K$7,"") -> 0.39008303 | W22: =IFERROR($L22*$F22/L$7,"") -> 0.24003065 | X22: =IFERROR($M22*$F22/M$7,"") -> 0.1702319 | Y22: =IFERROR($N22*$F22/N$7,"") -> 0.33193855 | Z22: =IFERROR($O22*$F22/O$7,"") -> 0.33184679 | AA22: =IFERROR($P22*$F22/P$7,"") -> 0.38723597
A23: AC | B23: Phelps Dodge CV/CV-FD-1C | 300 mm² | C23: 1 | D23: 300 | E23: 30 | F23: =PI()*E23^2/4 -> 706.85835 | G23: =IF(INT(0.4*G$7/$F23)>=3,INT(0.4*G$7/$F23),IF(INT(0.31*G$7/$F23)>=2,2,IF(0.53*G$7/$F23>=1,1,0))) -> 0 | H23: =IF(INT(0.4*H$7/$F23)>=3,INT(0.4*H$7/$F23),IF(INT(0.31*H$7/$F23)>=2,2,IF(0.53*H$7/$F23>=1,1,0))) -> 0 | I23: =IF(INT(0.4*I$7/$F23)>=3,INT(0.4*I$7/$F23),IF(INT(0.31*I$7/$F23)>=2,2,IF(0.53*I$7/$F23>=1,1,0))) -> 0 | J23: =IF(INT(0.4*J$7/$F23)>=3,INT(0.4*J$7/$F23),IF(INT(0.31*J$7/$F23)>=2,2,IF(0.53*J$7/$F23>=1,1,0))) -> 0 | K23: =IF(INT(0.4*K$7/$F23)>=3,INT(0.4*K$7/$F23),IF(INT(0.31*K$7/$F23)>=2,2,IF(0.53*K$7/$F23>=1,1,0))) -> 1 | L23: =IF(INT(0.4*L$7/$F23)>=3,INT(0.4*L$7/$F23),IF(INT(0.31*L$7/$F23)>=2,2,IF(0.53*L$7/$F23>=1,1,0))) -> 1 | M23: =IF(INT(0.4*M$7/$F23)>=3,INT(0.4*M$7/$F23),IF(INT(0.31*M$7/$F23)>=2,2,IF(0.53*M$7/$F23>=1,1,0))) -> 1 | N23: =IF(INT(0.4*N$7/$F23)>=3,INT(0.4*N$7/$F23),IF(INT(0.31*N$7/$F23)>=2,2,IF(0.53*N$7/$F23>=1,1,0))) -> 2 | ... P23: =IF(INT(0.4*P$7/$F23)>=3,INT(0.4*P$7/$F23),IF(INT(0.31*P$7/$F23)>=2,2,IF(0.53*P$7/$F23>=1,1,0))) -> 5 | R23: =IFERROR($G23*$F23/G$7,"") -> 0 | S23: =IFERROR($H23*$F23/H$7,"") -> 0 | T23: =IFERROR($I23*$F23/I$7,"") -> 0 | U23: =IFERROR($J23*$F23/J$7,"") -> 0 | V23: =IFERROR($K23*$F23/K$7,"") -> 0.48158399 | W23: =IFERROR($L23*$F23/L$7,"") -> 0.29633414 | X23: =IFERROR($M23*$F23/M$7,"") -> 0.21016284 | Y23: =IFERROR($N23*$F23/N$7,"") -> 0.27320045 | Z23: =IFERROR($O23*$F23/O$7,"") -> 0.30726555 | AA23: =IFERROR($P23*$F23/P$7,"") -> 0.39839091
A24: AC | B24: Phelps Dodge CV/CV-FD-1C | 400 mm² | C24: 1 | D24: 400 | E24: 33 | F24: =PI()*E24^2/4 -> 855.2986 | G24: =IF(INT(0.4*G$7/$F24)>=3,INT(0.4*G$7/$F24),IF(INT(0.31*G$7/$F24)>=2,2,IF(0.53*G$7/$F24>=1,1,0))) -> 0 | H24: =IF(INT(0.4*H$7/$F24)>=3,INT(0.4*H$7/$F24),IF(INT(0.31*H$7/$F24)>=2,2,IF(0.53*H$7/$F24>=1,1,0))) -> 0 | I24: =IF(INT(0.4*I$7/$F24)>=3,INT(0.4*I$7/$F24),IF(INT(0.31*I$7/$F24)>=2,2,IF(0.53*I$7/$F24>=1,1,0))) -> 0 | J24: =IF(INT(0.4*J$7/$F24)>=3,INT(0.4*J$7/$F24),IF(INT(0.31*J$7/$F24)>=2,2,IF(0.53*J$7/$F24>=1,1,0))) -> 0 | K24: =IF(INT(0.4*K$7/$F24)>=3,INT(0.4*K$7/$F24),IF(INT(0.31*K$7/$F24)>=2,2,IF(0.53*K$7/$F24>=1,1,0))) -> 0 | L24: =IF(INT(0.4*L$7/$F24)>=3,INT(0.4*L$7/$F24),IF(INT(0.31*L$7/$F24)>=2,2,IF(0.53*L$7/$F24>=1,1,0))) -> 1 | M24: =IF(INT(0.4*M$7/$F24)>=3,INT(0.4*M$7/$F24),IF(INT(0.31*M$7/$F24)>=2,2,IF(0.53*M$7/$F24>=1,1,0))) -> 1 | N24: =IF(INT(0.4*N$7/$F24)>=3,INT(0.4*N$7/$F24),IF(INT(0.31*N$7/$F24)>=2,2,IF(0.53*N$7/$F24>=1,1,0))) -> 1 | ... P24: =IF(INT(0.4*P$7/$F24)>=3,INT(0.4*P$7/$F24),IF(INT(0.31*P$7/$F24)>=2,2,IF(0.53*P$7/$F24>=1,1,0))) -> 4 | R24: =IFERROR($G24*$F24/G$7,"") -> 0 | S24: =IFERROR($H24*$F24/H$7,"") -> 0 | T24: =IFERROR($I24*$F24/I$7,"") -> 0 | U24: =IFERROR($J24*$F24/J$7,"") -> 0 | V24: =IFERROR($K24*$F24/K$7,"") -> 0 | W24: =IFERROR($L24*$F24/L$7,"") -> 0.35856431 | X24: =IFERROR($M24*$F24/M$7,"") -> 0.25429704 | Y24: =IFERROR($N24*$F24/N$7,"") -> 0.16528627 | Z24: =IFERROR($O24*$F24/O$7,"") -> 0.37179131 | AA24: =IFERROR($P24*$F24/P$7,"") -> 0.3856424
A25: AC | B25: Phelps Dodge CV/CV-FD-1C | 500 mm² | C25: 1 | D25: 500 | E25: 37 | F25: =PI()*E25^2/4 -> 1075.2101 | G25: =IF(INT(0.4*G$7/$F25)>=3,INT(0.4*G$7/$F25),IF(INT(0.31*G$7/$F25)>=2,2,IF(0.53*G$7/$F25>=1,1,0))) -> 0 | H25: =IF(INT(0.4*H$7/$F25)>=3,INT(0.4*H$7/$F25),IF(INT(0.31*H$7/$F25)>=2,2,IF(0.53*H$7/$F25>=1,1,0))) -> 0 | I25: =IF(INT(0.4*I$7/$F25)>=3,INT(0.4*I$7/$F25),IF(INT(0.31*I$7/$F25)>=2,2,IF(0.53*I$7/$F25>=1,1,0))) -> 0 | J25: =IF(INT(0.4*J$7/$F25)>=3,INT(0.4*J$7/$F25),IF(INT(0.31*J$7/$F25)>=2,2,IF(0.53*J$7/$F25>=1,1,0))) -> 0 | K25: =IF(INT(0.4*K$7/$F25)>=3,INT(0.4*K$7/$F25),IF(INT(0.31*K$7/$F25)>=2,2,IF(0.53*K$7/$F25>=1,1,0))) -> 0 | L25: =IF(INT(0.4*L$7/$F25)>=3,INT(0.4*L$7/$F25),IF(INT(0.31*L$7/$F25)>=2,2,IF(0.53*L$7/$F25>=1,1,0))) -> 1 | M25: =IF(INT(0.4*M$7/$F25)>=3,INT(0.4*M$7/$F25),IF(INT(0.31*M$7/$F25)>=2,2,IF(0.53*M$7/$F25>=1,1,0))) -> 1 | N25: =IF(INT(0.4*N$7/$F25)>=3,INT(0.4*N$7/$F25),IF(INT(0.31*N$7/$F25)>=2,2,IF(0.53*N$7/$F25>=1,1,0))) -> 1 | ... P25: =IF(INT(0.4*P$7/$F25)>=3,INT(0.4*P$7/$F25),IF(INT(0.31*P$7/$F25)>=2,2,IF(0.53*P$7/$F25>=1,1,0))) -> 3 | R25: =IFERROR($G25*$F25/G$7,"") -> 0 | S25: =IFERROR($H25*$F25/H$7,"") -> 0 | T25: =IFERROR($I25*$F25/I$7,"") -> 0 | U25: =IFERROR($J25*$F25/J$7,"") -> 0 | V25: =IFERROR($K25*$F25/K$7,"") -> 0 | W25: =IFERROR($L25*$F25/L$7,"") -> 0.45075715 | X25: =IFERROR($M25*$F25/M$7,"") -> 0.31968103 | Y25: =IFERROR($N25*$F25/N$7,"") -> 0.20778412 | Z25: =IFERROR($O25*$F25/O$7,"") -> 0.15579501 | AA25: =IFERROR($P25*$F25/P$7,"") -> 0.36359811
A26: AC | B26: Phelps Dodge CV/CV-FD-1C | 630 mm² | C26: 1 | D26: 630 | E26: 41 | F26: =PI()*E26^2/4 -> 1320.2543 | G26: =IF(INT(0.4*G$7/$F26)>=3,INT(0.4*G$7/$F26),IF(INT(0.31*G$7/$F26)>=2,2,IF(0.53*G$7/$F26>=1,1,0))) -> 0 | H26: =IF(INT(0.4*H$7/$F26)>=3,INT(0.4*H$7/$F26),IF(INT(0.31*H$7/$F26)>=2,2,IF(0.53*H$7/$F26>=1,1,0))) -> 0 | I26: =IF(INT(0.4*I$7/$F26)>=3,INT(0.4*I$7/$F26),IF(INT(0.31*I$7/$F26)>=2,2,IF(0.53*I$7/$F26>=1,1,0))) -> 0 | J26: =IF(INT(0.4*J$7/$F26)>=3,INT(0.4*J$7/$F26),IF(INT(0.31*J$7/$F26)>=2,2,IF(0.53*J$7/$F26>=1,1,0))) -> 0 | K26: =IF(INT(0.4*K$7/$F26)>=3,INT(0.4*K$7/$F26),IF(INT(0.31*K$7/$F26)>=2,2,IF(0.53*K$7/$F26>=1,1,0))) -> 0 | L26: =IF(INT(0.4*L$7/$F26)>=3,INT(0.4*L$7/$F26),IF(INT(0.31*L$7/$F26)>=2,2,IF(0.53*L$7/$F26>=1,1,0))) -> 0 | M26: =IF(INT(0.4*M$7/$F26)>=3,INT(0.4*M$7/$F26),IF(INT(0.31*M$7/$F26)>=2,2,IF(0.53*M$7/$F26>=1,1,0))) -> 1 | N26: =IF(INT(0.4*N$7/$F26)>=3,INT(0.4*N$7/$F26),IF(INT(0.31*N$7/$F26)>=2,2,IF(0.53*N$7/$F26>=1,1,0))) -> 1 | ... P26: =IF(INT(0.4*P$7/$F26)>=3,INT(0.4*P$7/$F26),IF(INT(0.31*P$7/$F26)>=2,2,IF(0.53*P$7/$F26>=1,1,0))) -> 2 | R26: =IFERROR($G26*$F26/G$7,"") -> 0 | S26: =IFERROR($H26*$F26/H$7,"") -> 0 | T26: =IFERROR($I26*$F26/I$7,"") -> 0 | U26: =IFERROR($J26*$F26/J$7,"") -> 0 | V26: =IFERROR($K26*$F26/K$7,"") -> 0 | W26: =IFERROR($L26*$F26/L$7,"") -> 0 | X26: =IFERROR($M26*$F26/M$7,"") -> 0.39253748 | Y26: =IFERROR($N26*$F26/N$7,"") -> 0.25513887 | Z26: =IFERROR($O26*$F26/O$7,"") -> 0.19130125 | AA26: =IFERROR($P26*$F26/P$7,"") -> 0.29764228
A27: AC | B27: Phelps Dodge CV/CV-FD-2C | 10 mm² | C27: 2 | D27: 10 | E27: 16 | F27: =PI()*E27^2/4 -> 201.06193 | G27: =IF(INT(0.4*G$7/$F27)>=3,INT(0.4*G$7/$F27),IF(INT(0.31*G$7/$F27)>=2,2,IF(0.53*G$7/$F27>=1,1,0))) -> 0 | H27: =IF(INT(0.4*H$7/$F27)>=3,INT(0.4*H$7/$F27),IF(INT(0.31*H$7/$F27)>=2,2,IF(0.53*H$7/$F27>=1,1,0))) -> 1 | I27: =IF(INT(0.4*I$7/$F27)>=3,INT(0.4*I$7/$F27),IF(INT(0.31*I$7/$F27)>=2,2,IF(0.53*I$7/$F27>=1,1,0))) -> 1 | J27: =IF(INT(0.4*J$7/$F27)>=3,INT(0.4*J$7/$F27),IF(INT(0.31*J$7/$F27)>=2,2,IF(0.53*J$7/$F27>=1,1,0))) -> 1 | K27: =IF(INT(0.4*K$7/$F27)>=3,INT(0.4*K$7/$F27),IF(INT(0.31*K$7/$F27)>=2,2,IF(0.53*K$7/$F27>=1,1,0))) -> 2 | L27: =IF(INT(0.4*L$7/$F27)>=3,INT(0.4*L$7/$F27),IF(INT(0.31*L$7/$F27)>=2,2,IF(0.53*L$7/$F27>=1,1,0))) -> 4 | M27: =IF(INT(0.4*M$7/$F27)>=3,INT(0.4*M$7/$F27),IF(INT(0.31*M$7/$F27)>=2,2,IF(0.53*M$7/$F27>=1,1,0))) -> 6 | N27: =IF(INT(0.4*N$7/$F27)>=3,INT(0.4*N$7/$F27),IF(INT(0.31*N$7/$F27)>=2,2,IF(0.53*N$7/$F27>=1,1,0))) -> 10 | ... P27: =IF(INT(0.4*P$7/$F27)>=3,INT(0.4*P$7/$F27),IF(INT(0.31*P$7/$F27)>=2,2,IF(0.53*P$7/$F27>=1,1,0))) -> 17 | R27: =IFERROR($G27*$F27/G$7,"") -> 0 | S27: =IFERROR($H27*$F27/H$7,"") -> 0.51294834 | T27: =IFERROR($I27*$F27/I$7,"") -> 0.31628269 | U27: =IFERROR($J27*$F27/J$7,"") -> 0.18429824 | V27: =IFERROR($K27*$F27/K$7,"") -> 0.27396778 | W27: =IFERROR($L27*$F27/L$7,"") -> 0.3371624 | X27: =IFERROR($M27*$F27/M$7,"") -> 0.35867791 | Y27: =IFERROR($N27*$F27/N$7,"") -> 0.38855175 | Z27: =IFERROR($O27*$F27/O$7,"") -> 0.37873324 | AA27: =IFERROR($P27*$F27/P$7,"") -> 0.38528828
A28: AC | B28: Phelps Dodge CV/CV-FD-2C | 16 mm² | C28: 2 | D28: 16 | E28: 18 | F28: =PI()*E28^2/4 -> 254.469 | G28: =IF(INT(0.4*G$7/$F28)>=3,INT(0.4*G$7/$F28),IF(INT(0.31*G$7/$F28)>=2,2,IF(0.53*G$7/$F28>=1,1,0))) -> 0 | H28: =IF(INT(0.4*H$7/$F28)>=3,INT(0.4*H$7/$F28),IF(INT(0.31*H$7/$F28)>=2,2,IF(0.53*H$7/$F28>=1,1,0))) -> 0 | I28: =IF(INT(0.4*I$7/$F28)>=3,INT(0.4*I$7/$F28),IF(INT(0.31*I$7/$F28)>=2,2,IF(0.53*I$7/$F28>=1,1,0))) -> 1 | J28: =IF(INT(0.4*J$7/$F28)>=3,INT(0.4*J$7/$F28),IF(INT(0.31*J$7/$F28)>=2,2,IF(0.53*J$7/$F28>=1,1,0))) -> 1 | K28: =IF(INT(0.4*K$7/$F28)>=3,INT(0.4*K$7/$F28),IF(INT(0.31*K$7/$F28)>=2,2,IF(0.53*K$7/$F28>=1,1,0))) -> 1 | L28: =IF(INT(0.4*L$7/$F28)>=3,INT(0.4*L$7/$F28),IF(INT(0.31*L$7/$F28)>=2,2,IF(0.53*L$7/$F28>=1,1,0))) -> 3 | M28: =IF(INT(0.4*M$7/$F28)>=3,INT(0.4*M$7/$F28),IF(INT(0.31*M$7/$F28)>=2,2,IF(0.53*M$7/$F28>=1,1,0))) -> 5 | N28: =IF(INT(0.4*N$7/$F28)>=3,INT(0.4*N$7/$F28),IF(INT(0.31*N$7/$F28)>=2,2,IF(0.53*N$7/$F28>=1,1,0))) -> 8 | ... P28: =IF(INT(0.4*P$7/$F28)>=3,INT(0.4*P$7/$F28),IF(INT(0.31*P$7/$F28)>=2,2,IF(0.53*P$7/$F28>=1,1,0))) -> 13 | R28: =IFERROR($G28*$F28/G$7,"") -> 0 | S28: =IFERROR($H28*$F28/H$7,"") -> 0 | T28: =IFERROR($I28*$F28/I$7,"") -> 0.40029528 | U28: =IFERROR($J28*$F28/J$7,"") -> 0.23325246 | V28: =IFERROR($K28*$F28/K$7,"") -> 0.17337024 | W28: =IFERROR($L28*$F28/L$7,"") -> 0.32004087 | X28: =IFERROR($M28*$F28/M$7,"") -> 0.37829311 | Y28: =IFERROR($N28*$F28/N$7,"") -> 0.39340865 | Z28: =IFERROR($O28*$F28/O$7,"") -> 0.36871866 | AA28: =IFERROR($P28*$F28/P$7,"") -> 0.37289389
A29: AC | B29: Phelps Dodge CV/CV-FD-2C | 25 mm² | C29: 2 | D29: 25 | E29: 21 | F29: =PI()*E29^2/4 -> 346.36059 | G29: =IF(INT(0.4*G$7/$F29)>=3,INT(0.4*G$7/$F29),IF(INT(0.31*G$7/$F29)>=2,2,IF(0.53*G$7/$F29>=1,1,0))) -> 0 | H29: =IF(INT(0.4*H$7/$F29)>=3,INT(0.4*H$7/$F29),IF(INT(0.31*H$7/$F29)>=2,2,IF(0.53*H$7/$F29>=1,1,0))) -> 0 | I29: =IF(INT(0.4*I$7/$F29)>=3,INT(0.4*I$7/$F29),IF(INT(0.31*I$7/$F29)>=2,2,IF(0.53*I$7/$F29>=1,1,0))) -> 0 | J29: =IF(INT(0.4*J$7/$F29)>=3,INT(0.4*J$7/$F29),IF(INT(0.31*J$7/$F29)>=2,2,IF(0.53*J$7/$F29>=1,1,0))) -> 1 | K29: =IF(INT(0.4*K$7/$F29)>=3,INT(0.4*K$7/$F29),IF(INT(0.31*K$7/$F29)>=2,2,IF(0.53*K$7/$F29>=1,1,0))) -> 1 | L29: =IF(INT(0.4*L$7/$F29)>=3,INT(0.4*L$7/$F29),IF(INT(0.31*L$7/$F29)>=2,2,IF(0.53*L$7/$F29>=1,1,0))) -> 2 | M29: =IF(INT(0.4*M$7/$F29)>=3,INT(0.4*M$7/$F29),IF(INT(0.31*M$7/$F29)>=2,2,IF(0.53*M$7/$F29>=1,1,0))) -> 3 | N29: =IF(INT(0.4*N$7/$F29)>=3,INT(0.4*N$7/$F29),IF(INT(0.31*N$7/$F29)>=2,2,IF(0.53*N$7/$F29>=1,1,0))) -> 5 | ... P29: =IF(INT(0.4*P$7/$F29)>=3,INT(0.4*P$7/$F29),IF(INT(0.31*P$7/$F29)>=2,2,IF(0.53*P$7/$F29>=1,1,0))) -> 10 | R29: =IFERROR($G29*$F29/G$7,"") -> 0 | S29: =IFERROR($H29*$F29/H$7,"") -> 0 | T29: =IFERROR($I29*$F29/I$7,"") -> 0 | U29: =IFERROR($J29*$F29/J$7,"") -> 0.31748251 | V29: =IFERROR($K29*$F29/K$7,"") -> 0.23597615 | W29: =IFERROR($L29*$F29/L$7,"") -> 0.29040746 | X29: =IFERROR($M29*$F29/M$7,"") -> 0.30893937 | Y29: =IFERROR($N29*$F29/N$7,"") -> 0.33467055 | Z29: =IFERROR($O29*$F29/O$7,"") -> 0.35130694 | AA29: =IFERROR($P29*$F29/P$7,"") -> 0.39042309
A30: AC | B30: Phelps Dodge CV/CV-FD-2C | 35 mm² | C30: 2 | D30: 35 | E30: 23 | F30: =PI()*E30^2/4 -> 415.47563 | G30: =IF(INT(0.4*G$7/$F30)>=3,INT(0.4*G$7/$F30),IF(INT(0.31*G$7/$F30)>=2,2,IF(0.53*G$7/$F30>=1,1,0))) -> 0 | H30: =IF(INT(0.4*H$7/$F30)>=3,INT(0.4*H$7/$F30),IF(INT(0.31*H$7/$F30)>=2,2,IF(0.53*H$7/$F30>=1,1,0))) -> 0 | I30: =IF(INT(0.4*I$7/$F30)>=3,INT(0.4*I$7/$F30),IF(INT(0.31*I$7/$F30)>=2,2,IF(0.53*I$7/$F30>=1,1,0))) -> 0 | J30: =IF(INT(0.4*J$7/$F30)>=3,INT(0.4*J$7/$F30),IF(INT(0.31*J$7/$F30)>=2,2,IF(0.53*J$7/$F30>=1,1,0))) -> 1 | K30: =IF(INT(0.4*K$7/$F30)>=3,INT(0.4*K$7/$F30),IF(INT(0.31*K$7/$F30)>=2,2,IF(0.53*K$7/$F30>=1,1,0))) -> 1 | L30: =IF(INT(0.4*L$7/$F30)>=3,INT(0.4*L$7/$F30),IF(INT(0.31*L$7/$F30)>=2,2,IF(0.53*L$7/$F30>=1,1,0))) -> 1 | M30: =IF(INT(0.4*M$7/$F30)>=3,INT(0.4*M$7/$F30),IF(INT(0.31*M$7/$F30)>=2,2,IF(0.53*M$7/$F30>=1,1,0))) -> 3 | N30: =IF(INT(0.4*N$7/$F30)>=3,INT(0.4*N$7/$F30),IF(INT(0.31*N$7/$F30)>=2,2,IF(0.53*N$7/$F30>=1,1,0))) -> 4 | ... P30: =IF(INT(0.4*P$7/$F30)>=3,INT(0.4*P$7/$F30),IF(INT(0.31*P$7/$F30)>=2,2,IF(0.53*P$7/$F30>=1,1,0))) -> 8 | R30: =IFERROR($G30*$F30/G$7,"") -> 0 | S30: =IFERROR($H30*$F30/H$7,"") -> 0 | T30: =IFERROR($I30*$F30/I$7,"") -> 0 | U30: =IFERROR($J30*$F30/J$7,"") -> 0.38083503 | V30: =IFERROR($K30*$F30/K$7,"") -> 0.28306437 | W30: =IFERROR($L30*$F30/L$7,"") -> 0.17417862 | X30: =IFERROR($M30*$F30/M$7,"") -> 0.37058714 | Y30: =IFERROR($N30*$F30/N$7,"") -> 0.32116231 | Z30: =IFERROR($O30*$F30/O$7,"") -> 0.36120772 | AA30: =IFERROR($P30*$F30/P$7,"") -> 0.37466452
A31: AC | B31: Phelps Dodge CV/CV-FD-2C | 50 mm² | C31: 2 | D31: 50 | E31: 25 | F31: =PI()*E31^2/4 -> 490.87385 | G31: =IF(INT(0.4*G$7/$F31)>=3,INT(0.4*G$7/$F31),IF(INT(0.31*G$7/$F31)>=2,2,IF(0.53*G$7/$F31>=1,1,0))) -> 0 | H31: =IF(INT(0.4*H$7/$F31)>=3,INT(0.4*H$7/$F31),IF(INT(0.31*H$7/$F31)>=2,2,IF(0.53*H$7/$F31>=1,1,0))) -> 0 | I31: =IF(INT(0.4*I$7/$F31)>=3,INT(0.4*I$7/$F31),IF(INT(0.31*I$7/$F31)>=2,2,IF(0.53*I$7/$F31>=1,1,0))) -> 0 | J31: =IF(INT(0.4*J$7/$F31)>=3,INT(0.4*J$7/$F31),IF(INT(0.31*J$7/$F31)>=2,2,IF(0.53*J$7/$F31>=1,1,0))) -> 1 | K31: =IF(INT(0.4*K$7/$F31)>=3,INT(0.4*K$7/$F31),IF(INT(0.31*K$7/$F31)>=2,2,IF(0.53*K$7/$F31>=1,1,0))) -> 1 | L31: =IF(INT(0.4*L$7/$F31)>=3,INT(0.4*L$7/$F31),IF(INT(0.31*L$7/$F31)>=2,2,IF(0.53*L$7/$F31>=1,1,0))) -> 1 | M31: =IF(INT(0.4*M$7/$F31)>=3,INT(0.4*M$7/$F31),IF(INT(0.31*M$7/$F31)>=2,2,IF(0.53*M$7/$F31>=1,1,0))) -> 2 | N31: =IF(INT(0.4*N$7/$F31)>=3,INT(0.4*N$7/$F31),IF(INT(0.31*N$7/$F31)>=2,2,IF(0.53*N$7/$F31>=1,1,0))) -> 4 | ... P31: =IF(INT(0.4*P$7/$F31)>=3,INT(0.4*P$7/$F31),IF(INT(0.31*P$7/$F31)>=2,2,IF(0.53*P$7/$F31>=1,1,0))) -> 7 | R31: =IFERROR($G31*$F31/G$7,"") -> 0 | S31: =IFERROR($H31*$F31/H$7,"") -> 0 | T31: =IFERROR($I31*$F31/I$7,"") -> 0 | U31: =IFERROR($J31*$F31/J$7,"") -> 0.44994687 | V31: =IFERROR($K31*$F31/K$7,"") -> 0.33443332 | W31: =IFERROR($L31*$F31/L$7,"") -> 0.2057876 | X31: =IFERROR($M31*$F31/M$7,"") -> 0.29189283 | Y31: =IFERROR($N31*$F31/N$7,"") -> 0.37944507 | Z31: =IFERROR($O31*$F31/O$7,"") -> 0.35563142 | AA31: =IFERROR($P31*$F31/P$7,"") -> 0.3873245
... A65: AC | B65: Phelps Dodge CV/CV-FD-4C | 400 mm² | C65: 4 | D65: 400 | E65: 74 | F65: =PI()*E65^2/4 -> 4300.8403 | G65: =IF(INT(0.4*G$7/$F65)>=3,INT(0.4*G$7/$F65),IF(INT(0.31*G$7/$F65)>=2,2,IF(0.53*G$7/$F65>=1,1,0))) -> 0 | H65: =IF(INT(0.4*H$7/$F65)>=3,INT(0.4*H$7/$F65),IF(INT(0.31*H$7/$F65)>=2,2,IF(0.53*H$7/$F65>=1,1,0))) -> 0 | I65: =IF(INT(0.4*I$7/$F65)>=3,INT(0.4*I$7/$F65),IF(INT(0.31*I$7/$F65)>=2,2,IF(0.53*I$7/$F65>=1,1,0))) -> 0 | J65: =IF(INT(0.4*J$7/$F65)>=3,INT(0.4*J$7/$F65),IF(INT(0.31*J$7/$F65)>=2,2,IF(0.53*J$7/$F65>=1,1,0))) -> 0 | K65: =IF(INT(0.4*K$7/$F65)>=3,INT(0.4*K$7/$F65),IF(INT(0.31*K$7/$F65)>=2,2,IF(0.53*K$7/$F65>=1,1,0))) -> 0 | L65: =IF(INT(0.4*L$7/$F65)>=3,INT(0.4*L$7/$F65),IF(INT(0.31*L$7/$F65)>=2,2,IF(0.53*L$7/$F65>=1,1,0))) -> 0 | M65: =IF(INT(0.4*M$7/$F65)>=3,INT(0.4*M$7/$F65),IF(INT(0.31*M$7/$F65)>=2,2,IF(0.53*M$7/$F65>=1,1,0))) -> 0 | N65: =IF(INT(0.4*N$7/$F65)>=3,INT(0.4*N$7/$F65),IF(INT(0.31*N$7/$F65)>=2,2,IF(0.53*N$7/$F65>=1,1,0))) -> 0 | ... P65: =IF(INT(0.4*P$7/$F65)>=3,INT(0.4*P$7/$F65),IF(INT(0.31*P$7/$F65)>=2,2,IF(0.53*P$7/$F65>=1,1,0))) -> 1 | R65: =IFERROR($G65*$F65/G$7,"") -> 0 | S65: =IFERROR($H65*$F65/H$7,"") -> 0 | T65: =IFERROR($I65*$F65/I$7,"") -> 0 | U65: =IFERROR($J65*$F65/J$7,"") -> 0 | V65: =IFERROR($K65*$F65/K$7,"") -> 0 | W65: =IFERROR($L65*$F65/L$7,"") -> 0 | X65: =IFERROR($M65*$F65/M$7,"") -> 0 | Y65: =IFERROR($N65*$F65/N$7,"") -> 0 | Z65: =IFERROR($O65*$F65/O$7,"") -> 0 | AA65: =IFERROR($P65*$F65/P$7,"") -> 0.48479747
B67: กำหนดจากขนาดราง Wireway และดู MAX
A68: User-entry IMC cable mix | total cable area vs WST fill condition
A69: Enter cable type/CSA/OD/Qty per row. WST allowed fill uses TOTAL Qty in the mix: Qty 1 = 53%, Qty 2 = 31%, Qty 3 or more = 40%. Cores/cable is informational only.
A70: Line | B70: Cable type / model | C70: Cores / cable (info.) | D70: CSA (mm²) | E70: OD (mm) | F70: Qty | G70: Area / cable (mm²) | H70: Total cable area (mm²) | I70: IMC trade size | J70: IMC internal area (mm²) | K70: WST allowed fill (total Qty) | L70: Fill % = total cable area / conduit area | M70: WST match | N70: Engineering result | O70: Engineering note
A71: USER-001 | B71: Phelps Dodge CV/CV-FD-1C | 95 mm² | C71: 1 | D71: 4 | E71: =_xlfn.XLOOKUP(B71,$B$10:$B$65,$E$10:$E$65,0,0) -> 18 | F71: 4 | G71: =IF(E71="","",PI()*E71^2/4) -> 254.469 | H71: =IF(OR(G71="",F71=""),"",G71*F71) -> 1017.876 | I71: 1/2 in | J71: =IF(I71="1/2 in",$G$7,IF(I71="3/4 in",$H$7,IF(I71="1 in",$I$7,IF(I71="1-1/4 in",$J$7,IF(I71="1-1/2 in",$K$7,IF(I71="2 in",$L$7,IF(I71="2-1/2 in",$M$7,IF(I71="3 in",$N$7,IF(I71="3-1/2 in",$O$7,IF(I71="4 in",$P$7,"")))))))))) -> 230.1958 | K71: =IF(F71="","",IF(F71=1,0.53,IF(F71=2,0.31,0.4))) -> 0.4 | L71: =IF(OR(H71="",J71=""),"",H71/J71) -> 4.4217836 | M71: =IF(OR(L71="",K71=""),"",IF(L71<=K71,"PASS","FAIL")) -> FAIL | N71: =IF(M71="","REVIEW",IF(M71="PASS","USE / PASS","CHECK")) -> CHECK | O71: Example; total Qty rule; confirm exact OD and certified IMC ID
A72: USER-002 | C72: 1 | D72: 6 | E72: =_xlfn.XLOOKUP(B72,$B$10:$B$65,$E$10:$E$65,0,0) -> 0 | F72: 0 | G72: =IF(E72="","",PI()*E72^2/4) -> 0 | H72: =IF(OR(G72="",F72=""),"",G72*F72) -> 0 | I72: 1/2 in | J72: =IF(I72="1/2 in",$G$7,IF(I72="3/4 in",$H$7,IF(I72="1 in",$I$7,IF(I72="1-1/4 in",$J$7,IF(I72="1-1/2 in",$K$7,IF(I72="2 in",$L$7,IF(I72="2-1/2 in",$M$7,IF(I72="3 in",$N$7,IF(I72="3-1/2 in",$O$7,IF(I72="4 in",$P$7,"")))))))))) -> 230.1958 | K72: =IF(F72="","",IF(F72=1,0.53,IF(F72=2,0.31,0.4))) -> 0.4 | L72: =IF(OR(H72="",J72=""),"",H72/J72) -> 0 | M72: =IF(OR(L72="",K72=""),"",IF(L72<=K72,"PASS","FAIL")) -> PASS | N72: =IF(M72="","REVIEW",IF(M72="PASS","USE / PASS","CHECK")) -> USE / PASS | O72: Example; total Qty rule; confirm exact OD and certified IMC ID
A73: USER-003 | C73: 1 | D73: 10 | E73: =_xlfn.XLOOKUP(B73,$B$10:$B$65,$E$10:$E$65,0,0) -> 0 | F73: 0 | G73: =IF(E73="","",PI()*E73^2/4) -> 0 | H73: =IF(OR(G73="",F73=""),"",G73*F73) -> 0 | I73: 3/4 in | J73: =IF(I73="1/2 in",$G$7,IF(I73="3/4 in",$H$7,IF(I73="1 in",$I$7,IF(I73="1-1/4 in",$J$7,IF(I73="1-1/2 in",$K$7,IF(I73="2 in",$L$7,IF(I73="2-1/2 in",$M$7,IF(I73="3 in",$N$7,IF(I73="3-1/2 in",$O$7,IF(I73="4 in",$P$7,"")))))))))) -> 391.97306 | K73: =IF(F73="","",IF(F73=1,0.53,IF(F73=2,0.31,0.4))) -> 0.4 | L73: =IF(OR(H73="",J73=""),"",H73/J73) -> 0 | M73: =IF(OR(L73="",K73=""),"",IF(L73<=K73,"PASS","FAIL")) -> PASS | N73: =IF(M73="","REVIEW",IF(M73="PASS","USE / PASS","CHECK")) -> USE / PASS | O73: Example; total Qty rule; confirm exact OD and certified IMC ID
A74: USER-004 | C74: 2 | D74: 16 | E74: =_xlfn.XLOOKUP(B74,$B$10:$B$65,$E$10:$E$65,0,0) -> 0 | F74: 0 | G74: =IF(E74="","",PI()*E74^2/4) -> 0 | H74: =IF(OR(G74="",F74=""),"",G74*F74) -> 0 | I74: 1 in | J74: =IF(I74="1/2 in",$G$7,IF(I74="3/4 in",$H$7,IF(I74="1 in",$I$7,IF(I74="1-1/4 in",$J$7,IF(I74="1-1/2 in",$K$7,IF(I74="2 in",$L$7,IF(I74="2-1/2 in",$M$7,IF(I74="3 in",$N$7,IF(I74="3-1/2 in",$O$7,IF(I74="4 in",$P$7,"")))))))))) -> 635.70324 | K74: =IF(F74="","",IF(F74=1,0.53,IF(F74=2,0.31,0.4))) -> 0.4 | L74: =IF(OR(H74="",J74=""),"",H74/J74) -> 0 | M74: =IF(OR(L74="",K74=""),"",IF(L74<=K74,"PASS","FAIL")) -> PASS | N74: =IF(M74="","REVIEW",IF(M74="PASS","USE / PASS","CHECK")) -> USE / PASS | O74: Example; cores/cable shown only for information
A75: USER-005 | B75: AC Cable (THW) - G 50 sq.mm. | C75: 1 | D75: 25 | E75: 12.8 | F75: 1 | G75: =IF(E75="","",PI()*E75^2/4) -> 128.67964 | H75: =IF(OR(G75="",F75=""),"",G75*F75) -> 128.67964 | I75: 1 in | J75: =IF(I75="1/2 in",$G$7,IF(I75="3/4 in",$H$7,IF(I75="1 in",$I$7,IF(I75="1-1/4 in",$J$7,IF(I75="1-1/2 in",$K$7,IF(I75="2 in",$L$7,IF(I75="2-1/2 in",$M$7,IF(I75="3 in",$N$7,IF(I75="3-1/2 in",$O$7,IF(I75="4 in",$P$7,"")))))))))) -> 635.70324 | K75: =IF(F75="","",IF(F75=1,0.53,IF(F75=2,0.31,0.4))) -> 0.53 | L75: =IF(OR(H75="",J75=""),"",H75/J75) -> 0.20242092 | M75: =IF(OR(L75="",K75=""),"",IF(L75<=K75,"PASS","FAIL")) -> PASS | N75: =IF(M75="","REVIEW",IF(M75="PASS","USE / PASS","CHECK")) -> USE / PASS | O75: Free user-entry row; total Qty rule applies
A76: TOTAL ENTERED MIX | F76: =SUM(F71:F75) -> 5 | H76: =SUM(H71:H75) -> 1146.5557 | M76: SEE SUMMARY BELOW
A77: IMC selection recommendation | linked to TOTAL Qty and TOTAL cable area above
A78: The summary checks one common IMC for the entire entered mix. If no single IMC passes, the parallel-conduit column gives the minimum number of equal conduits using the same Qty-based WST fill rule.
A79: Total Qty | B79: Total cable area (mm²) | C79: Qty-based WST fill | D79: Minimum internal area required (mm²) | E79: Recommended single IMC | F79: Single fill % | G79: Single result | H79: Recommendation
A80: =SUM(F71:F75) -> 5 | B80: =SUM(H71:H75) -> 1146.5557 | C80: =IF(A80=0,"",IF(A80=1,0.53,IF(A80=2,0.31,0.4))) -> 0.4 | D80: =IF(OR(B80="",C80=""),"",B80/C80) -> 2866.3891 | E80: =IFERROR(INDEX($A$82:$A$91,MATCH("PASS",$F$82:$F$91,0)),"MULTIPLE / REVIEW") -> 2-1/2 in | F80: =IFERROR(INDEX($E$82:$E$91,MATCH("PASS",$F$82:$F$91,0)),"") -> 0.34089347 | G80: =IF(E80="MULTIPLE / REVIEW","MULTIPLE / REVIEW","PASS") -> PASS | H80: =IF(E80="MULTIPLE / REVIEW","Use parallel conduits per table below","Single conduit passes") -> Single conduit passes
A81: IMC trade size | B81: Internal area (mm²) | C81: Total Qty | D81: WST allowed fill | E81: Single fill % | F81: Single status | G81: Minimum parallel conduits | H81: Fill / conduit | I81: Recommendation if parallel
A82: =G$5 -> 1/2 in | B82: =G$7 -> 230.1958 | C82: =$A$80 -> 5 | D82: =$C$80 -> 0.4 | E82: =IFERROR($B$80/B82,"") -> 4.9807843 | F82: =IF(E82<=D82,"PASS","FAIL") -> FAIL | G82: =MAX(1,ROUNDUP($B$80/(B82*$C$80),0)) -> 13 | H82: =IFERROR($B$80/(B82*G82),"") -> 0.38313726 | I82: =IF(H82<=D82,IF(G82=1,"Single conduit passes",G82&" parallel conduits"),"CHECK") -> 13 parallel conduits
A83: =H$5 -> 3/4 in | B83: =H$7 -> 391.97306 | C83: =$A$80 -> 5 | D83: =$C$80 -> 0.4 | E83: =IFERROR($B$80/B83,"") -> 2.9250879 | F83: =IF(E83<=D83,"PASS","FAIL") -> FAIL | G83: =MAX(1,ROUNDUP($B$80/(B83*$C$80),0)) -> 8 | H83: =IFERROR($B$80/(B83*G83),"") -> 0.36563599 | I83: =IF(H83<=D83,IF(G83=1,"Single conduit passes",G83&" parallel conduits"),"CHECK") -> 8 parallel conduits
A84: =I$5 -> 1 in | B84: =I$7 -> 635.70324 | C84: =$A$80 -> 5 | D84: =$C$80 -> 0.4 | E84: =IFERROR($B$80/B84,"") -> 1.803602 | F84: =IF(E84<=D84,"PASS","FAIL") -> FAIL | G84: =MAX(1,ROUNDUP($B$80/(B84*$C$80),0)) -> 5 | H84: =IFERROR($B$80/(B84*G84),"") -> 0.36072041 | I84: =IF(H84<=D84,IF(G84=1,"Single conduit passes",G84&" parallel conduits"),"CHECK") -> 5 parallel conduits
A85: =J$5 -> 1-1/4 in | B85: =J$7 -> 1090.9596 | C85: =$A$80 -> 5 | D85: =$C$80 -> 0.4 | E85: =IFERROR($B$80/B85,"") -> 1.0509607 | F85: =IF(E85<=D85,"PASS","FAIL") -> FAIL | G85: =MAX(1,ROUNDUP($B$80/(B85*$C$80),0)) -> 3 | H85: =IFERROR($B$80/(B85*G85),"") -> 0.35032023 | I85: =IF(H85<=D85,IF(G85=1,"Single conduit passes",G85&" parallel conduits"),"CHECK") -> 3 parallel conduits
A86: =K$5 -> 1-1/2 in | B86: =K$7 -> 1467.7779 | C86: =$A$80 -> 5 | D86: =$C$80 -> 0.4 | E86: =IFERROR($B$80/B86,"") -> 0.78115063 | F86: =IF(E86<=D86,"PASS","FAIL") -> FAIL | G86: =MAX(1,ROUNDUP($B$80/(B86*$C$80),0)) -> 2 | H86: =IFERROR($B$80/(B86*G86),"") -> 0.39057532 | I86: =IF(H86<=D86,IF(G86=1,"Single conduit passes",G86&" parallel conduits"),"CHECK") -> 2 parallel conduits
A87: =L$5 -> 2 in | B87: =L$7 -> 2385.3423 | C87: =$A$80 -> 5 | D87: =$C$80 -> 0.4 | E87: =IFERROR($B$80/B87,"") -> 0.48066714 | F87: =IF(E87<=D87,"PASS","FAIL") -> FAIL | G87: =MAX(1,ROUNDUP($B$80/(B87*$C$80),0)) -> 2 | H87: =IFERROR($B$80/(B87*G87),"") -> 0.24033357 | I87: =IF(H87<=D87,IF(G87=1,"Single conduit passes",G87&" parallel conduits"),"CHECK") -> 2 parallel conduits
A88: =M$5 -> 2-1/2 in | B88: =M$7 -> 3363.3841 | C88: =$A$80 -> 5 | D88: =$C$80 -> 0.4 | E88: =IFERROR($B$80/B88,"") -> 0.34089347 | F88: =IF(E88<=D88,"PASS","FAIL") -> PASS | G88: =MAX(1,ROUNDUP($B$80/(B88*$C$80),0)) -> 1 | H88: =IFERROR($B$80/(B88*G88),"") -> 0.34089347 | I88: =IF(H88<=D88,IF(G88=1,"Single conduit passes",G88&" parallel conduits"),"CHECK") -> Single conduit passes
A89: =N$5 -> 3 in | B89: =N$7 -> 5174.6499 | C89: =$A$80 -> 5 | D89: =$C$80 -> 0.4 | E89: =IFERROR($B$80/B89,"") -> 0.22157164 | F89: =IF(E89<=D89,"PASS","FAIL") -> PASS | G89: =MAX(1,ROUNDUP($B$80/(B89*$C$80),0)) -> 1 | H89: =IFERROR($B$80/(B89*G89),"") -> 0.22157164 | I89: =IF(H89<=D89,IF(G89=1,"Single conduit passes",G89&" parallel conduits"),"CHECK") -> Single conduit passes
A90: =O$5 -> 3-1/2 in | B90: =O$7 -> 6901.441 | C90: =$A$80 -> 5 | D90: =$C$80 -> 0.4 | E90: =IFERROR($B$80/B90,"") -> 0.16613279 | F90: =IF(E90<=D90,"PASS","FAIL") -> PASS | G90: =MAX(1,ROUNDUP($B$80/(B90*$C$80),0)) -> 1 | H90: =IFERROR($B$80/(B90*G90),"") -> 0.16613279 | I90: =IF(H90<=D90,IF(G90=1,"Single conduit passes",G90&" parallel conduits"),"CHECK") -> Single conduit passes
A91: =P$5 -> 4 in | B91: =P$7 -> 8871.4166 | C91: =$A$80 -> 5 | D91: =$C$80 -> 0.4 | E91: =IFERROR($B$80/B91,"") -> 0.12924155 | F91: =IF(E91<=D91,"PASS","FAIL") -> PASS | G91: =MAX(1,ROUNDUP($B$80/(B91*$C$80),0)) -> 1 | H91: =IFERROR($B$80/(B91*G91),"") -> 0.12924155 | I91: =IF(H91<=D91,IF(G91=1,"Single conduit passes",G91&" parallel conduits"),"CHECK") -> Single conduit passes
J99: AC Cable (THW) - G 240 sq.mm. | L99: 26.6
J100: AC Cable (THW) - G 185 sq.mm. | L100: 23.3
J101: AC Cable (THW) - G 120 sq.mm. | L101: 18.8
J102: AC Cable (THW) - G 95 sq.mm. | L102: 17.1
J103: AC Cable (THW) - G 70 sq.mm. | L103: 14.6
J104: AC Cable (THW) - G 50 sq.mm. | L104: 12.8
J105: AC Cable (THW) - G 35 sq.mm. | L105: 10.9
J106: AC Cable (THW) - G 25 sq.mm. | L106: 9.7
J107: AC Cable (THW) - G 16 sq.mm. | L107: 7.8
J108: AC Cable (THW) - G 10 sq.mm. | L108: 6.7
J109: AC Cable (THW) - G 6 sq.mm. | L109: 5.2

Sheet 2.Ladder-(AC)
A1: Maximum Single-Layer Cable Count on KJL Ladder - EIT Eligibility Screening | B1: Maximum Single-Layer Cable Count on KJL Ladder - EIT Eligibility Screening | C1: Maximum Single-Layer Cable Count on KJL Ladder - EIT Eligibility Screening | D1: Maximum Single-Layer Cable Count on KJL Ladder - EIT Eligibility Screening | E1: Maximum Single-Layer Cable Count on KJL Ladder - EIT Eligibility Screening | F1: Maximum Single-Layer Cable Count on KJL Ladder - EIT Eligibility Screening | G1: Maximum Single-Layer Cable Count on KJL Ladder - EIT Eligibility Screening | H1: Maximum Single-Layer Cable Count on KJL Ladder - EIT Eligibility Screening | I1: Maximum Single-Layer Cable Count on KJL Ladder - EIT Eligibility Screening | J1: Maximum Single-Layer Cable Count on KJL Ladder - EIT Eligibility Screening | K1: Maximum Single-Layer Cable Count on KJL Ladder - EIT Eligibility Screening | L1: Maximum Single-Layer Cable Count on KJL Ladder - EIT Eligibility Screening | M1: Maximum Single-Layer Cable Count on KJL Ladder - EIT Eligibility Screening | N1: Maximum Single-Layer Cable Count on KJL Ladder - EIT Eligibility Screening | O1: Maximum Single-Layer Cable Count on KJL Ladder - EIT Eligibility Screening
A2: วสท. 022001-22 ข้อ 5.15: วางชั้นเดียว/trefoil; สาย 1C มีเปลือกต้องไม่น้อยกว่า 25 mm²; multicore ใช้ได้ตามเงื่อนไข. จำนวนคำนวณจาก W >= 1.25 x ΣD (25% reserve) และ nominal KJL width | B2: วสท. 022001-22 ข้อ 5.15: วางชั้นเดียว/trefoil; สาย 1C มีเปลือกต้องไม่น้อยกว่า 25 mm²; multicore ใช้ได้ตามเงื่อนไข. จำนวนคำนวณจาก W >= 1.25 x ΣD (25% reserve) และ nominal KJL width | C2: วสท. 022001-22 ข้อ 5.15: วางชั้นเดียว/trefoil; สาย 1C มีเปลือกต้องไม่น้อยกว่า 25 mm²; multicore ใช้ได้ตามเงื่อนไข. จำนวนคำนวณจาก W >= 1.25 x ΣD (25% reserve) และ nominal KJL width | D2: วสท. 022001-22 ข้อ 5.15: วางชั้นเดียว/trefoil; สาย 1C มีเปลือกต้องไม่น้อยกว่า 25 mm²; multicore ใช้ได้ตามเงื่อนไข. จำนวนคำนวณจาก W >= 1.25 x ΣD (25% reserve) และ nominal KJL width | E2: วสท. 022001-22 ข้อ 5.15: วางชั้นเดียว/trefoil; สาย 1C มีเปลือกต้องไม่น้อยกว่า 25 mm²; multicore ใช้ได้ตามเงื่อนไข. จำนวนคำนวณจาก W >= 1.25 x ΣD (25% reserve) และ nominal KJL width | F2: วสท. 022001-22 ข้อ 5.15: วางชั้นเดียว/trefoil; สาย 1C มีเปลือกต้องไม่น้อยกว่า 25 mm²; multicore ใช้ได้ตามเงื่อนไข. จำนวนคำนวณจาก W >= 1.25 x ΣD (25% reserve) และ nominal KJL width | G2: วสท. 022001-22 ข้อ 5.15: วางชั้นเดียว/trefoil; สาย 1C มีเปลือกต้องไม่น้อยกว่า 25 mm²; multicore ใช้ได้ตามเงื่อนไข. จำนวนคำนวณจาก W >= 1.25 x ΣD (25% reserve) และ nominal KJL width | H2: วสท. 022001-22 ข้อ 5.15: วางชั้นเดียว/trefoil; สาย 1C มีเปลือกต้องไม่น้อยกว่า 25 mm²; multicore ใช้ได้ตามเงื่อนไข. จำนวนคำนวณจาก W >= 1.25 x ΣD (25% reserve) และ nominal KJL width | I2: วสท. 022001-22 ข้อ 5.15: วางชั้นเดียว/trefoil; สาย 1C มีเปลือกต้องไม่น้อยกว่า 25 mm²; multicore ใช้ได้ตามเงื่อนไข. จำนวนคำนวณจาก W >= 1.25 x ΣD (25% reserve) และ nominal KJL width | J2: วสท. 022001-22 ข้อ 5.15: วางชั้นเดียว/trefoil; สาย 1C มีเปลือกต้องไม่น้อยกว่า 25 mm²; multicore ใช้ได้ตามเงื่อนไข. จำนวนคำนวณจาก W >= 1.25 x ΣD (25% reserve) และ nominal KJL width | K2: วสท. 022001-22 ข้อ 5.15: วางชั้นเดียว/trefoil; สาย 1C มีเปลือกต้องไม่น้อยกว่า 25 mm²; multicore ใช้ได้ตามเงื่อนไข. จำนวนคำนวณจาก W >= 1.25 x ΣD (25% reserve) และ nominal KJL width | L2: วสท. 022001-22 ข้อ 5.15: วางชั้นเดียว/trefoil; สาย 1C มีเปลือกต้องไม่น้อยกว่า 25 mm²; multicore ใช้ได้ตามเงื่อนไข. จำนวนคำนวณจาก W >= 1.25 x ΣD (25% reserve) และ nominal KJL width | M2: วสท. 022001-22 ข้อ 5.15: วางชั้นเดียว/trefoil; สาย 1C มีเปลือกต้องไม่น้อยกว่า 25 mm²; multicore ใช้ได้ตามเงื่อนไข. จำนวนคำนวณจาก W >= 1.25 x ΣD (25% reserve) และ nominal KJL width | N2: วสท. 022001-22 ข้อ 5.15: วางชั้นเดียว/trefoil; สาย 1C มีเปลือกต้องไม่น้อยกว่า 25 mm²; multicore ใช้ได้ตามเงื่อนไข. จำนวนคำนวณจาก W >= 1.25 x ΣD (25% reserve) และ nominal KJL width | O2: วสท. 022001-22 ข้อ 5.15: วางชั้นเดียว/trefoil; สาย 1C มีเปลือกต้องไม่น้อยกว่า 25 mm²; multicore ใช้ได้ตามเงื่อนไข. จำนวนคำนวณจาก W >= 1.25 x ΣD (25% reserve) และ nominal KJL width
A3: PV 1C 4/6 mm² และ AC 1C 10/16 mm² = NOT PERMITTED DIRECT จึงแสดง 0. ผลอื่นเป็น physical screening; ต้องใช้ usable width จริง, cable cleat/divider, bending, short-circuit forces และ grouping factor ตาราง 5-40/5-41 | B3: PV 1C 4/6 mm² และ AC 1C 10/16 mm² = NOT PERMITTED DIRECT จึงแสดง 0. ผลอื่นเป็น physical screening; ต้องใช้ usable width จริง, cable cleat/divider, bending, short-circuit forces และ grouping factor ตาราง 5-40/5-41 | C3: PV 1C 4/6 mm² และ AC 1C 10/16 mm² = NOT PERMITTED DIRECT จึงแสดง 0. ผลอื่นเป็น physical screening; ต้องใช้ usable width จริง, cable cleat/divider, bending, short-circuit forces และ grouping factor ตาราง 5-40/5-41 | D3: PV 1C 4/6 mm² และ AC 1C 10/16 mm² = NOT PERMITTED DIRECT จึงแสดง 0. ผลอื่นเป็น physical screening; ต้องใช้ usable width จริง, cable cleat/divider, bending, short-circuit forces และ grouping factor ตาราง 5-40/5-41 | E3: PV 1C 4/6 mm² และ AC 1C 10/16 mm² = NOT PERMITTED DIRECT จึงแสดง 0. ผลอื่นเป็น physical screening; ต้องใช้ usable width จริง, cable cleat/divider, bending, short-circuit forces และ grouping factor ตาราง 5-40/5-41 | F3: PV 1C 4/6 mm² และ AC 1C 10/16 mm² = NOT PERMITTED DIRECT จึงแสดง 0. ผลอื่นเป็น physical screening; ต้องใช้ usable width จริง, cable cleat/divider, bending, short-circuit forces และ grouping factor ตาราง 5-40/5-41 | G3: PV 1C 4/6 mm² และ AC 1C 10/16 mm² = NOT PERMITTED DIRECT จึงแสดง 0. ผลอื่นเป็น physical screening; ต้องใช้ usable width จริง, cable cleat/divider, bending, short-circuit forces และ grouping factor ตาราง 5-40/5-41 | H3: PV 1C 4/6 mm² และ AC 1C 10/16 mm² = NOT PERMITTED DIRECT จึงแสดง 0. ผลอื่นเป็น physical screening; ต้องใช้ usable width จริง, cable cleat/divider, bending, short-circuit forces และ grouping factor ตาราง 5-40/5-41 | I3: PV 1C 4/6 mm² และ AC 1C 10/16 mm² = NOT PERMITTED DIRECT จึงแสดง 0. ผลอื่นเป็น physical screening; ต้องใช้ usable width จริง, cable cleat/divider, bending, short-circuit forces และ grouping factor ตาราง 5-40/5-41 | J3: PV 1C 4/6 mm² และ AC 1C 10/16 mm² = NOT PERMITTED DIRECT จึงแสดง 0. ผลอื่นเป็น physical screening; ต้องใช้ usable width จริง, cable cleat/divider, bending, short-circuit forces และ grouping factor ตาราง 5-40/5-41 | K3: PV 1C 4/6 mm² และ AC 1C 10/16 mm² = NOT PERMITTED DIRECT จึงแสดง 0. ผลอื่นเป็น physical screening; ต้องใช้ usable width จริง, cable cleat/divider, bending, short-circuit forces และ grouping factor ตาราง 5-40/5-41 | L3: PV 1C 4/6 mm² และ AC 1C 10/16 mm² = NOT PERMITTED DIRECT จึงแสดง 0. ผลอื่นเป็น physical screening; ต้องใช้ usable width จริง, cable cleat/divider, bending, short-circuit forces และ grouping factor ตาราง 5-40/5-41 | M3: PV 1C 4/6 mm² และ AC 1C 10/16 mm² = NOT PERMITTED DIRECT จึงแสดง 0. ผลอื่นเป็น physical screening; ต้องใช้ usable width จริง, cable cleat/divider, bending, short-circuit forces และ grouping factor ตาราง 5-40/5-41 | N3: PV 1C 4/6 mm² และ AC 1C 10/16 mm² = NOT PERMITTED DIRECT จึงแสดง 0. ผลอื่นเป็น physical screening; ต้องใช้ usable width จริง, cable cleat/divider, bending, short-circuit forces และ grouping factor ตาราง 5-40/5-41 | O3: PV 1C 4/6 mm² และ AC 1C 10/16 mm² = NOT PERMITTED DIRECT จึงแสดง 0. ผลอื่นเป็น physical screening; ต้องใช้ usable width จริง, cable cleat/divider, bending, short-circuit forces และ grouping factor ตาราง 5-40/5-41
A4: Nominal ladder width (mm) - replace with usable width | B4: Nominal ladder width (mm) - replace with usable width | C4: Nominal ladder width (mm) - replace with usable width | D4: Nominal ladder width (mm) - replace with usable width | E4: Nominal ladder width (mm) - replace with usable width | F4: Nominal ladder width (mm) - replace with usable width | G4: 200 | H4: 300 | I4: 400 | J4: 500 | K4: 600 | L4: 700 | M4: 800 | N4: 900 | O4: 1000 | R4: Added comparison: left-table maximum Qty × cable OD / ladder width
A5: System | B5: Cable family | C5: Cores | D5: CSA mm² | E5: OD mm | F5: Direct-on-ladder eligibility | G5: 200 mm | H5: 300 mm | I5: 400 mm | J5: 500 mm | K5: 600 mm | L5: 700 mm | M5: 800 mm | N5: 900 mm | O5: 1000 mm | R5: Cable / row | S5: 200 mm | T5: 300 mm | U5: 400 mm | V5: 500 mm | W5: 600 mm | X5: 700 mm | Y5: 800 mm | Z5: 900 mm | AA5: 1000 mm
A6: AC | B6: Phelps Dodge CV/CV-FD-1C | 10 mm² | C6: 1 | D6: 10 | E6: 10 | F6: NOT PERMITTED DIRECT | G6: =0 -> 0 | H6: =0 -> 0 | I6: =0 -> 0 | J6: =0 -> 0 | K6: =0 -> 0 | L6: =0 -> 0 | M6: =0 -> 0 | N6: =0 -> 0 | O6: =0 -> 0 | R6: Phelps Dodge CV/CV-FD-1C | 10 mm² | S6: =IFERROR($G6*$E6/G$4,"") -> 0 | T6: =IFERROR($H6*$E6/H$4,"") -> 0 | U6: =IFERROR($I6*$E6/I$4,"") -> 0 | V6: =IFERROR($J6*$E6/J$4,"") -> 0 | W6: =IFERROR($K6*$E6/K$4,"") -> 0 | X6: =IFERROR($L6*$E6/L$4,"") -> 0 | Y6: =IFERROR($M6*$E6/M$4,"") -> 0 | Z6: =IFERROR($N6*$E6/N$4,"") -> 0 | AA6: =IFERROR($O6*$E6/O$4,"") -> 0
A7: AC | B7: Phelps Dodge CV/CV-FD-1C | 16 mm² | C7: 1 | D7: 16 | E7: 11 | F7: NOT PERMITTED DIRECT | G7: =0 -> 0 | H7: =0 -> 0 | I7: =0 -> 0 | J7: =0 -> 0 | K7: =0 -> 0 | L7: =0 -> 0 | M7: =0 -> 0 | N7: =0 -> 0 | O7: =0 -> 0 | R7: Phelps Dodge CV/CV-FD-1C | 16 mm² | S7: =IFERROR($G7*$E7/G$4,"") -> 0 | T7: =IFERROR($H7*$E7/H$4,"") -> 0 | U7: =IFERROR($I7*$E7/I$4,"") -> 0 | V7: =IFERROR($J7*$E7/J$4,"") -> 0 | W7: =IFERROR($K7*$E7/K$4,"") -> 0 | X7: =IFERROR($L7*$E7/L$4,"") -> 0 | Y7: =IFERROR($M7*$E7/M$4,"") -> 0 | Z7: =IFERROR($N7*$E7/N$4,"") -> 0 | AA7: =IFERROR($O7*$E7/O$4,"") -> 0
A8: AC | B8: Phelps Dodge CV/CV-FD-1C | 25 mm² | C8: 1 | D8: 25 | E8: 12 | F8: ALLOWED - physical screen | G8: =INT(G$4/(1.25*$E8)) -> 13 | H8: =INT(H$4/(1.25*$E8)) -> 20 | I8: =INT(I$4/(1.25*$E8)) -> 26 | J8: =INT(J$4/(1.25*$E8)) -> 33 | K8: =INT(K$4/(1.25*$E8)) -> 40 | L8: =INT(L$4/(1.25*$E8)) -> 46 | M8: =INT(M$4/(1.25*$E8)) -> 53 | N8: =INT(N$4/(1.25*$E8)) -> 60 | O8: =INT(O$4/(1.25*$E8)) -> 66 | R8: Phelps Dodge CV/CV-FD-1C | 25 mm² | S8: =IFERROR($G8*$E8/G$4,"") -> 0.78 | T8: =IFERROR($H8*$E8/H$4,"") -> 0.8 | U8: =IFERROR($I8*$E8/I$4,"") -> 0.78 | V8: =IFERROR($J8*$E8/J$4,"") -> 0.792 | W8: =IFERROR($K8*$E8/K$4,"") -> 0.8 | X8: =IFERROR($L8*$E8/L$4,"") -> 0.78857143 | Y8: =IFERROR($M8*$E8/M$4,"") -> 0.795 | Z8: =IFERROR($N8*$E8/N$4,"") -> 0.8 | AA8: =IFERROR($O8*$E8/O$4,"") -> 0.792
A9: AC | B9: Phelps Dodge CV/CV-FD-1C | 35 mm² | C9: 1 | D9: 35 | E9: 13 | F9: ALLOWED - physical screen | G9: =INT(G$4/(1.25*$E9)) -> 12 | H9: =INT(H$4/(1.25*$E9)) -> 18 | I9: =INT(I$4/(1.25*$E9)) -> 24 | J9: =INT(J$4/(1.25*$E9)) -> 30 | K9: =INT(K$4/(1.25*$E9)) -> 36 | L9: =INT(L$4/(1.25*$E9)) -> 43 | M9: =INT(M$4/(1.25*$E9)) -> 49 | N9: =INT(N$4/(1.25*$E9)) -> 55 | O9: =INT(O$4/(1.25*$E9)) -> 61 | R9: Phelps Dodge CV/CV-FD-1C | 35 mm² | S9: =IFERROR($G9*$E9/G$4,"") -> 0.78 | T9: =IFERROR($H9*$E9/H$4,"") -> 0.78 | U9: =IFERROR($I9*$E9/I$4,"") -> 0.78 | V9: =IFERROR($J9*$E9/J$4,"") -> 0.78 | W9: =IFERROR($K9*$E9/K$4,"") -> 0.78 | X9: =IFERROR($L9*$E9/L$4,"") -> 0.79857143 | Y9: =IFERROR($M9*$E9/M$4,"") -> 0.79625 | Z9: =IFERROR($N9*$E9/N$4,"") -> 0.79444444 | AA9: =IFERROR($O9*$E9/O$4,"") -> 0.793
A10: AC | B10: Phelps Dodge CV/CV-FD-1C | 50 mm² | C10: 1 | D10: 50 | E10: 15 | F10: ALLOWED - physical screen | G10: =INT(G$4/(1.25*$E10)) -> 10 | H10: =INT(H$4/(1.25*$E10)) -> 16 | I10: =INT(I$4/(1.25*$E10)) -> 21 | J10: =INT(J$4/(1.25*$E10)) -> 26 | K10: =INT(K$4/(1.25*$E10)) -> 32 | L10: =INT(L$4/(1.25*$E10)) -> 37 | M10: =INT(M$4/(1.25*$E10)) -> 42 | N10: =INT(N$4/(1.25*$E10)) -> 48 | O10: =INT(O$4/(1.25*$E10)) -> 53 | R10: Phelps Dodge CV/CV-FD-1C | 50 mm² | S10: =IFERROR($G10*$E10/G$4,"") -> 0.75 | T10: =IFERROR($H10*$E10/H$4,"") -> 0.8 | U10: =IFERROR($I10*$E10/I$4,"") -> 0.7875 | V10: =IFERROR($J10*$E10/J$4,"") -> 0.78 | W10: =IFERROR($K10*$E10/K$4,"") -> 0.8 | X10: =IFERROR($L10*$E10/L$4,"") -> 0.79285714 | Y10: =IFERROR($M10*$E10/M$4,"") -> 0.7875 | Z10: =IFERROR($N10*$E10/N$4,"") -> 0.8 | AA10: =IFERROR($O10*$E10/O$4,"") -> 0.795
A11: AC | B11: Phelps Dodge CV/CV-FD-1C | 70 mm² | C11: 1 | D11: 70 | E11: 16 | F11: ALLOWED - physical screen | G11: =INT(G$4/(1.25*$E11)) -> 10 | H11: =INT(H$4/(1.25*$E11)) -> 15 | I11: =INT(I$4/(1.25*$E11)) -> 20 | J11: =INT(J$4/(1.25*$E11)) -> 25 | K11: =INT(K$4/(1.25*$E11)) -> 30 | L11: =INT(L$4/(1.25*$E11)) -> 35 | M11: =INT(M$4/(1.25*$E11)) -> 40 | N11: =INT(N$4/(1.25*$E11)) -> 45 | O11: =INT(O$4/(1.25*$E11)) -> 50 | R11: Phelps Dodge CV/CV-FD-1C | 70 mm² | S11: =IFERROR($G11*$E11/G$4,"") -> 0.8 | T11: =IFERROR($H11*$E11/H$4,"") -> 0.8 | U11: =IFERROR($I11*$E11/I$4,"") -> 0.8 | V11: =IFERROR($J11*$E11/J$4,"") -> 0.8 | W11: =IFERROR($K11*$E11/K$4,"") -> 0.8 | X11: =IFERROR($L11*$E11/L$4,"") -> 0.8 | Y11: =IFERROR($M11*$E11/M$4,"") -> 0.8 | Z11: =IFERROR($N11*$E11/N$4,"") -> 0.8 | AA11: =IFERROR($O11*$E11/O$4,"") -> 0.8
A12: AC | B12: Phelps Dodge CV/CV-FD-1C | 95 mm² | C12: 1 | D12: 95 | E12: 18 | F12: ALLOWED - physical screen | G12: =INT(G$4/(1.25*$E12)) -> 8 | H12: =INT(H$4/(1.25*$E12)) -> 13 | I12: =INT(I$4/(1.25*$E12)) -> 17 | J12: =INT(J$4/(1.25*$E12)) -> 22 | K12: =INT(K$4/(1.25*$E12)) -> 26 | L12: =INT(L$4/(1.25*$E12)) -> 31 | M12: =INT(M$4/(1.25*$E12)) -> 35 | N12: =INT(N$4/(1.25*$E12)) -> 40 | O12: =INT(O$4/(1.25*$E12)) -> 44 | R12: Phelps Dodge CV/CV-FD-1C | 95 mm² | S12: =IFERROR($G12*$E12/G$4,"") -> 0.72 | T12: =IFERROR($H12*$E12/H$4,"") -> 0.78 | U12: =IFERROR($I12*$E12/I$4,"") -> 0.765 | V12: =IFERROR($J12*$E12/J$4,"") -> 0.792 | W12: =IFERROR($K12*$E12/K$4,"") -> 0.78 | X12: =IFERROR($L12*$E12/L$4,"") -> 0.79714286 | Y12: =IFERROR($M12*$E12/M$4,"") -> 0.7875 | Z12: =IFERROR($N12*$E12/N$4,"") -> 0.8 | AA12: =IFERROR($O12*$E12/O$4,"") -> 0.792
A13: AC | B13: Phelps Dodge CV/CV-FD-1C | 120 mm² | C13: 1 | D13: 120 | E13: 20 | F13: ALLOWED - physical screen | G13: =INT(G$4/(1.25*$E13)) -> 8 | H13: =INT(H$4/(1.25*$E13)) -> 12 | I13: =INT(I$4/(1.25*$E13)) -> 16 | J13: =INT(J$4/(1.25*$E13)) -> 20 | K13: =INT(K$4/(1.25*$E13)) -> 24 | L13: =INT(L$4/(1.25*$E13)) -> 28 | M13: =INT(M$4/(1.25*$E13)) -> 32 | N13: =INT(N$4/(1.25*$E13)) -> 36 | O13: =INT(O$4/(1.25*$E13)) -> 40 | R13: Phelps Dodge CV/CV-FD-1C | 120 mm² | S13: =IFERROR($G13*$E13/G$4,"") -> 0.8 | T13: =IFERROR($H13*$E13/H$4,"") -> 0.8 | U13: =IFERROR($I13*$E13/I$4,"") -> 0.8 | V13: =IFERROR($J13*$E13/J$4,"") -> 0.8 | W13: =IFERROR($K13*$E13/K$4,"") -> 0.8 | X13: =IFERROR($L13*$E13/L$4,"") -> 0.8 | Y13: =IFERROR($M13*$E13/M$4,"") -> 0.8 | Z13: =IFERROR($N13*$E13/N$4,"") -> 0.8 | AA13: =IFERROR($O13*$E13/O$4,"") -> 0.8
A14: AC | B14: Phelps Dodge CV/CV-FD-1C | 150 mm² | C14: 1 | D14: 150 | E14: 22 | F14: ALLOWED - physical screen | G14: =INT(G$4/(1.25*$E14)) -> 7 | H14: =INT(H$4/(1.25*$E14)) -> 10 | I14: =INT(I$4/(1.25*$E14)) -> 14 | J14: =INT(J$4/(1.25*$E14)) -> 18 | K14: =INT(K$4/(1.25*$E14)) -> 21 | L14: =INT(L$4/(1.25*$E14)) -> 25 | M14: =INT(M$4/(1.25*$E14)) -> 29 | N14: =INT(N$4/(1.25*$E14)) -> 32 | O14: =INT(O$4/(1.25*$E14)) -> 36 | R14: Phelps Dodge CV/CV-FD-1C | 150 mm² | S14: =IFERROR($G14*$E14/G$4,"") -> 0.77 | T14: =IFERROR($H14*$E14/H$4,"") -> 0.73333333 | U14: =IFERROR($I14*$E14/I$4,"") -> 0.77 | V14: =IFERROR($J14*$E14/J$4,"") -> 0.792 | W14: =IFERROR($K14*$E14/K$4,"") -> 0.77 | X14: =IFERROR($L14*$E14/L$4,"") -> 0.78571429 | Y14: =IFERROR($M14*$E14/M$4,"") -> 0.7975 | Z14: =IFERROR($N14*$E14/N$4,"") -> 0.78222222 | AA14: =IFERROR($O14*$E14/O$4,"") -> 0.792
A15: AC | B15: Phelps Dodge CV/CV-FD-1C | 185 mm² | C15: 1 | D15: 185 | E15: 24 | F15: ALLOWED - physical screen | G15: =INT(G$4/(1.25*$E15)) -> 6 | H15: =INT(H$4/(1.25*$E15)) -> 10 | I15: =INT(I$4/(1.25*$E15)) -> 13 | J15: =INT(J$4/(1.25*$E15)) -> 16 | K15: =INT(K$4/(1.25*$E15)) -> 20 | L15: =INT(L$4/(1.25*$E15)) -> 23 | M15: =INT(M$4/(1.25*$E15)) -> 26 | N15: =INT(N$4/(1.25*$E15)) -> 30 | O15: =INT(O$4/(1.25*$E15)) -> 33 | R15: Phelps Dodge CV/CV-FD-1C | 185 mm² | S15: =IFERROR($G15*$E15/G$4,"") -> 0.72 | T15: =IFERROR($H15*$E15/H$4,"") -> 0.8 | U15: =IFERROR($I15*$E15/I$4,"") -> 0.78 | V15: =IFERROR($J15*$E15/J$4,"") -> 0.768 | W15: =IFERROR($K15*$E15/K$4,"") -> 0.8 | X15: =IFERROR($L15*$E15/L$4,"") -> 0.78857143 | Y15: =IFERROR($M15*$E15/M$4,"") -> 0.78 | Z15: =IFERROR($N15*$E15/N$4,"") -> 0.8 | AA15: =IFERROR($O15*$E15/O$4,"") -> 0.792
A16: AC | B16: Phelps Dodge CV/CV-FD-1C | 240 mm² | C16: 1 | D16: 240 | E16: 27 | F16: ALLOWED - physical screen | G16: =INT(G$4/(1.25*$E16)) -> 5 | H16: =INT(H$4/(1.25*$E16)) -> 8 | I16: =INT(I$4/(1.25*$E16)) -> 11 | J16: =INT(J$4/(1.25*$E16)) -> 14 | K16: =INT(K$4/(1.25*$E16)) -> 17 | L16: =INT(L$4/(1.25*$E16)) -> 20 | M16: =INT(M$4/(1.25*$E16)) -> 23 | N16: =INT(N$4/(1.25*$E16)) -> 26 | O16: =INT(O$4/(1.25*$E16)) -> 29 | R16: Phelps Dodge CV/CV-FD-1C | 240 mm² | S16: =IFERROR($G16*$E16/G$4,"") -> 0.675 | T16: =IFERROR($H16*$E16/H$4,"") -> 0.72 | U16: =IFERROR($I16*$E16/I$4,"") -> 0.7425 | V16: =IFERROR($J16*$E16/J$4,"") -> 0.756 | W16: =IFERROR($K16*$E16/K$4,"") -> 0.765 | X16: =IFERROR($L16*$E16/L$4,"") -> 0.77142857 | Y16: =IFERROR($M16*$E16/M$4,"") -> 0.77625 | Z16: =IFERROR($N16*$E16/N$4,"") -> 0.78 | AA16: =IFERROR($O16*$E16/O$4,"") -> 0.783
A17: AC | B17: Phelps Dodge CV/CV-FD-1C | 300 mm² | C17: 1 | D17: 300 | E17: 30 | F17: ALLOWED - physical screen | G17: =INT(G$4/(1.25*$E17)) -> 5 | H17: =INT(H$4/(1.25*$E17)) -> 8 | I17: =INT(I$4/(1.25*$E17)) -> 10 | J17: =INT(J$4/(1.25*$E17)) -> 13 | K17: =INT(K$4/(1.25*$E17)) -> 16 | L17: =INT(L$4/(1.25*$E17)) -> 18 | M17: =INT(M$4/(1.25*$E17)) -> 21 | N17: =INT(N$4/(1.25*$E17)) -> 24 | O17: =INT(O$4/(1.25*$E17)) -> 26 | R17: Phelps Dodge CV/CV-FD-1C | 300 mm² | S17: =IFERROR($G17*$E17/G$4,"") -> 0.75 | T17: =IFERROR($H17*$E17/H$4,"") -> 0.8 | U17: =IFERROR($I17*$E17/I$4,"") -> 0.75 | V17: =IFERROR($J17*$E17/J$4,"") -> 0.78 | W17: =IFERROR($K17*$E17/K$4,"") -> 0.8 | X17: =IFERROR($L17*$E17/L$4,"") -> 0.77142857 | Y17: =IFERROR($M17*$E17/M$4,"") -> 0.7875 | Z17: =IFERROR($N17*$E17/N$4,"") -> 0.8 | AA17: =IFERROR($O17*$E17/O$4,"") -> 0.78
A18: AC | B18: Phelps Dodge CV/CV-FD-1C | 400 mm² | C18: 1 | D18: 400 | E18: 33 | F18: ALLOWED - physical screen | G18: =INT(G$4/(1.25*$E18)) -> 4 | H18: =INT(H$4/(1.25*$E18)) -> 7 | I18: =INT(I$4/(1.25*$E18)) -> 9 | J18: =INT(J$4/(1.25*$E18)) -> 12 | K18: =INT(K$4/(1.25*$E18)) -> 14 | L18: =INT(L$4/(1.25*$E18)) -> 16 | M18: =INT(M$4/(1.25*$E18)) -> 19 | N18: =INT(N$4/(1.25*$E18)) -> 21 | O18: =INT(O$4/(1.25*$E18)) -> 24 | R18: Phelps Dodge CV/CV-FD-1C | 400 mm² | S18: =IFERROR($G18*$E18/G$4,"") -> 0.66 | T18: =IFERROR($H18*$E18/H$4,"") -> 0.77 | U18: =IFERROR($I18*$E18/I$4,"") -> 0.7425 | V18: =IFERROR($J18*$E18/J$4,"") -> 0.792 | W18: =IFERROR($K18*$E18/K$4,"") -> 0.77 | X18: =IFERROR($L18*$E18/L$4,"") -> 0.75428571 | Y18: =IFERROR($M18*$E18/M$4,"") -> 0.78375 | Z18: =IFERROR($N18*$E18/N$4,"") -> 0.77 | AA18: =IFERROR($O18*$E18/O$4,"") -> 0.792
A19: AC | B19: Phelps Dodge CV/CV-FD-1C | 500 mm² | C19: 1 | D19: 500 | E19: 37 | F19: ALLOWED - physical screen | G19: =INT(G$4/(1.25*$E19)) -> 4 | H19: =INT(H$4/(1.25*$E19)) -> 6 | I19: =INT(I$4/(1.25*$E19)) -> 8 | J19: =INT(J$4/(1.25*$E19)) -> 10 | K19: =INT(K$4/(1.25*$E19)) -> 12 | L19: =INT(L$4/(1.25*$E19)) -> 15 | M19: =INT(M$4/(1.25*$E19)) -> 17 | N19: =INT(N$4/(1.25*$E19)) -> 19 | O19: =INT(O$4/(1.25*$E19)) -> 21 | R19: Phelps Dodge CV/CV-FD-1C | 500 mm² | S19: =IFERROR($G19*$E19/G$4,"") -> 0.74 | T19: =IFERROR($H19*$E19/H$4,"") -> 0.74 | U19: =IFERROR($I19*$E19/I$4,"") -> 0.74 | V19: =IFERROR($J19*$E19/J$4,"") -> 0.74 | W19: =IFERROR($K19*$E19/K$4,"") -> 0.74 | X19: =IFERROR($L19*$E19/L$4,"") -> 0.79285714 | Y19: =IFERROR($M19*$E19/M$4,"") -> 0.78625 | Z19: =IFERROR($N19*$E19/N$4,"") -> 0.78111111 | AA19: =IFERROR($O19*$E19/O$4,"") -> 0.777
... A59: AC | B59: Phelps Dodge CV/CV-FD-4C | 400 mm² | C59: 4 | D59: 400 | E59: 74 | F59: ALLOWED - physical screen | G59: =INT(G$4/(1.25*$E59)) -> 2 | H59: =INT(H$4/(1.25*$E59)) -> 3 | I59: =INT(I$4/(1.25*$E59)) -> 4 | J59: =INT(J$4/(1.25*$E59)) -> 5 | K59: =INT(K$4/(1.25*$E59)) -> 6 | L59: =INT(L$4/(1.25*$E59)) -> 7 | M59: =INT(M$4/(1.25*$E59)) -> 8 | N59: =INT(N$4/(1.25*$E59)) -> 9 | O59: =INT(O$4/(1.25*$E59)) -> 10 | R59: Phelps Dodge CV/CV-FD-4C | 400 mm² | S59: =IFERROR($G59*$E59/G$4,"") -> 0.74 | T59: =IFERROR($H59*$E59/H$4,"") -> 0.74 | U59: =IFERROR($I59*$E59/I$4,"") -> 0.74 | V59: =IFERROR($J59*$E59/J$4,"") -> 0.74 | W59: =IFERROR($K59*$E59/K$4,"") -> 0.74 | X59: =IFERROR($L59*$E59/L$4,"") -> 0.74 | Y59: =IFERROR($M59*$E59/M$4,"") -> 0.74 | Z59: =IFERROR($N59*$E59/N$4,"") -> 0.74 | AA59: =IFERROR($O59*$E59/O$4,"") -> 0.74
A62: User-entry ladder cable mix | EIT width screen and direct-on-ladder eligibility
A63: Enter each cable type/cores/CSA/OD/Qty and usable ladder width. EIT width screen is ΣD_cable ≤ 0.8W; direct-on-ladder eligibility is checked separately.
A64: 1C <25 mm² is not permitted direct; protected route required | I64: 0.8W
A65: Line | B65: Cable type / model | C65: System | D65: CSA (mm²) | E65: OD (mm) | F65: Qty | G65: Usable ladder width (mm) | H65: ΣD cable (mm) | I65: 0.8W limit (mm) | J65: Width utilization % | K65: EIT width match | L65: Engineering note
A66: USER-AC-001 | B66: Phelps Dodge CV/CV-FD-1C | 25 mm² | C66: AC | D66: 25 | E66: =_xlfn.XLOOKUP(B66,$B$6:$B$59,$E$6:$E$59,0,0) -> 12 | F66: 10 | G66: 300 | H66: =IF(OR(E66="",F66=""),"",E66*F66) -> 120 | I66: =IF(G66="","",0.8*G66) -> 240 | J66: =IFERROR(H66/G66,"") -> 0.4 | K66: =IF(OR(H66="",I66=""),"",IF(H66<=I66,"PASS","FAIL")) -> PASS | L66: Allowed cable example; verify cleat/support and actual usable width
A67: USER-AC-002 | B67: Phelps Dodge CV/CV-FD-1C | 70 mm² | C67: AC | D67: 70 | E67: =_xlfn.XLOOKUP(B67,$B$6:$B$59,$E$6:$E$59,0,0) -> 16 | F67: 25 | G67: 600 | H67: =IF(OR(E67="",F67=""),"",E67*F67) -> 400 | I67: =IF(G67="","",0.8*G67) -> 480 | J67: =IFERROR(H67/G67,"") -> 0.66666667 | K67: =IF(OR(H67="",I67=""),"",IF(H67<=I67,"PASS","FAIL")) -> PASS | L67: Allowed cable example; verify cleat/support and actual usable width
A68: USER-AC-003 | B68: Phelps Dodge CV/CV-FD-2C | 16 mm² | C68: AC | D68: 16 | E68: =_xlfn.XLOOKUP(B68,$B$6:$B$59,$E$6:$E$59,0,0) -> 18 | F68: 20 | G68: 500 | H68: =IF(OR(E68="",F68=""),"",E68*F68) -> 360 | I68: =IF(G68="","",0.8*G68) -> 400 | J68: =IFERROR(H68/G68,"") -> 0.72 | K68: =IF(OR(H68="",I68=""),"",IF(H68<=I68,"PASS","FAIL")) -> PASS | L68: Multicore example; verify cable arrangement and support
A69: USER-AC-004 | B69: Phelps Dodge CV/CV-FD-1C | 10 mm² | C69: AC | D69: 10 | E69: =_xlfn.XLOOKUP(B69,$B$6:$B$59,$E$6:$E$59,0,0) -> 10 | F69: 10 | G69: 200 | H69: =IF(OR(E69="",F69=""),"",E69*F69) -> 100 | I69: =IF(G69="","",0.8*G69) -> 160 | J69: =IFERROR(H69/G69,"") -> 0.5 | K69: =IF(OR(H69="",I69=""),"",IF(H69<=I69,"PASS","FAIL")) -> PASS | L69: 1C <25 mm² is not permitted direct; protected route required
A70: USER-AC-005 | B70: Phelps Dodge CV/CV-FD-1C | 35 mm² | C70: AC | D70: 35 | E70: =_xlfn.XLOOKUP(B70,$B$6:$B$59,$E$6:$E$59,0,0) -> 13 | F70: 20 | G70: 200 | H70: =IF(OR(E70="",F70=""),"",E70*F70) -> 260 | I70: =IF(G70="","",0.8*G70) -> 160 | J70: =IFERROR(H70/G70,"") -> 1.3 | K70: =IF(OR(H70="",I70=""),"",IF(H70<=I70,"PASS","FAIL")) -> FAIL | L70: Width intentionally above 0.8W to demonstrate CHECK
A71: TOTAL ENTERED MIX | H71: =SUM(H66:H70) -> 1240 | I71: =SUM(I66:I70) -> 1440 | K71: SEE SUMMARY BELOW
A72: Ladder selection summary | based on total ΣD cable from the user-entry mix
A73: The common-width screen uses ΣD cable ≤ 0.8W. If the required width exceeds 1,000 mm, the result recommends parallel ladder routes.
A74: Total Qty | B74: Total ΣD cable (mm) | C74: Required common width (mm) | D74: Recommended single ladder (mm) | E74: Single width utilization % | F74: Single width result | G74: Parallel ladders | H74: Width / parallel ladder (mm) | I74: Recommendation
A75: =SUM(F66:F70) -> 85 | B75: =SUM(H66:H70) -> 1240 | C75: =IFERROR(B75/0.8,"") -> 1550 | D75: =IF(C75="","",IF(C75<=200,200,IF(C75<=300,300,IF(C75<=400,400,IF(C75<=500,500,IF(C75<=600,600,IF(C75<=700,700,IF(C75<=800,800,IF(C75<=900,900,IF(C75<=1000,1000,"MULTIPLE")))))))))) -> MULTIPLE | E75: =IF(OR(C75="",D75="MULTIPLE"),"",C75/D75) | F75: =IF(D75="MULTIPLE","MULTIPLE",IF(E75<=0.8,"PASS","CHECK")) -> MULTIPLE | G75: =IF(C75="","",MAX(1,ROUNDUP(C75/1000,0))) -> 2 | H75: =IF(G75="","",IF(G75=1,D75,1000)) -> 1000 | I75: =IF(D75="MULTIPLE",G75&" parallel ladders @ 1000 mm",IF(F75="PASS","Use "&D75&" mm ladder","CHECK width / routing")) -> 2 parallel ladders @ 1000 mm
A76: Candidate ladder widths | single-route and parallel-route screening
A77: Nominal ladder width (mm) | B77: 0.8W limit (mm) | C77: Total ΣD cable (mm) | D77: Single width utilization % | E77: Single route result | F77: Minimum parallel ladders | G77: Utilization after parallel %
A78: =G$4 -> 200 | B78: =0.8*A78 -> 160 | C78: =$B$75 -> 1240 | D78: =IFERROR(C78/B78,"") -> 7.75 | E78: =IF(D78<=0.8,"PASS","FAIL") -> FAIL | F78: =MAX(1,ROUNDUP(C78/B78,0)) -> 8 | G78: =IFERROR(C78/(B78*F78),"") -> 0.96875
A79: =H$4 -> 300 | B79: =0.8*A79 -> 240 | C79: =$B$75 -> 1240 | D79: =IFERROR(C79/B79,"") -> 5.1666667 | E79: =IF(D79<=0.8,"PASS","FAIL") -> FAIL | F79: =MAX(1,ROUNDUP(C79/B79,0)) -> 6 | G79: =IFERROR(C79/(B79*F79),"") -> 0.86111111
A80: =I$4 -> 400 | B80: =0.8*A80 -> 320 | C80: =$B$75 -> 1240 | D80: =IFERROR(C80/B80,"") -> 3.875 | E80: =IF(D80<=0.8,"PASS","FAIL") -> FAIL | F80: =MAX(1,ROUNDUP(C80/B80,0)) -> 4 | G80: =IFERROR(C80/(B80*F80),"") -> 0.96875
A81: =J$4 -> 500 | B81: =0.8*A81 -> 400 | C81: =$B$75 -> 1240 | D81: =IFERROR(C81/B81,"") -> 3.1 | E81: =IF(D81<=0.8,"PASS","FAIL") -> FAIL | F81: =MAX(1,ROUNDUP(C81/B81,0)) -> 4 | G81: =IFERROR(C81/(B81*F81),"") -> 0.775
A82: =K$4 -> 600 | B82: =0.8*A82 -> 480 | C82: =$B$75 -> 1240 | D82: =IFERROR(C82/B82,"") -> 2.5833333 | E82: =IF(D82<=0.8,"PASS","FAIL") -> FAIL | F82: =MAX(1,ROUNDUP(C82/B82,0)) -> 3 | G82: =IFERROR(C82/(B82*F82),"") -> 0.86111111
A83: =L$4 -> 700 | B83: =0.8*A83 -> 560 | C83: =$B$75 -> 1240 | D83: =IFERROR(C83/B83,"") -> 2.2142857 | E83: =IF(D83<=0.8,"PASS","FAIL") -> FAIL | F83: =MAX(1,ROUNDUP(C83/B83,0)) -> 3 | G83: =IFERROR(C83/(B83*F83),"") -> 0.73809524
A84: =M$4 -> 800 | B84: =0.8*A84 -> 640 | C84: =$B$75 -> 1240 | D84: =IFERROR(C84/B84,"") -> 1.9375 | E84: =IF(D84<=0.8,"PASS","FAIL") -> FAIL | F84: =MAX(1,ROUNDUP(C84/B84,0)) -> 2 | G84: =IFERROR(C84/(B84*F84),"") -> 0.96875
A85: =N$4 -> 900 | B85: =0.8*A85 -> 720 | C85: =$B$75 -> 1240 | D85: =IFERROR(C85/B85,"") -> 1.7222222 | E85: =IF(D85<=0.8,"PASS","FAIL") -> FAIL | F85: =MAX(1,ROUNDUP(C85/B85,0)) -> 2 | G85: =IFERROR(C85/(B85*F85),"") -> 0.86111111
A86: =O$4 -> 1000 | B86: =0.8*A86 -> 800 | C86: =$B$75 -> 1240 | D86: =IFERROR(C86/B86,"") -> 1.55 | E86: =IF(D86<=0.8,"PASS","FAIL") -> FAIL | F86: =MAX(1,ROUNDUP(C86/B86,0)) -> 2 | G86: =IFERROR(C86/(B86*F86),"") -> 0.775

Sheet 2.Ladder-Tray-(PV)
A1: PV Ladder + Cable Tray Summary | Jinko 725 Wp containment reference | OD linked to Vendor Register | B1: PV Ladder + Cable Tray Summary | Jinko 725 Wp containment reference | OD linked to Vendor Register | C1: PV Ladder + Cable Tray Summary | Jinko 725 Wp containment reference | OD linked to Vendor Register | D1: PV Ladder + Cable Tray Summary | Jinko 725 Wp containment reference | OD linked to Vendor Register | E1: PV Ladder + Cable Tray Summary | Jinko 725 Wp containment reference | OD linked to Vendor Register | F1: PV Ladder + Cable Tray Summary | Jinko 725 Wp containment reference | OD linked to Vendor Register | G1: PV Ladder + Cable Tray Summary | Jinko 725 Wp containment reference | OD linked to Vendor Register | H1: PV Ladder + Cable Tray Summary | Jinko 725 Wp containment reference | OD linked to Vendor Register | I1: PV Ladder + Cable Tray Summary | Jinko 725 Wp containment reference | OD linked to Vendor Register | J1: PV Ladder + Cable Tray Summary | Jinko 725 Wp containment reference | OD linked to Vendor Register | K1: PV Ladder + Cable Tray Summary | Jinko 725 Wp containment reference | OD linked to Vendor Register | L1: PV Ladder + Cable Tray Summary | Jinko 725 Wp containment reference | OD linked to Vendor Register | M1: PV Ladder + Cable Tray Summary | Jinko 725 Wp containment reference | OD linked to Vendor Register | N1: PV Ladder + Cable Tray Summary | Jinko 725 Wp containment reference | OD linked to Vendor Register
A2: Combined view: ladder section and cable-tray section are both on this sheet. PV cable sizes 4/6/10/16 mm² use linked OD values from Vendor Register. | B2: วสท. 022001-22 ข้อ 5.15: สายแกนเดียวมีเปลือกที่วางตรงบน cable ladder ต้องมีขนาดตัวนำไม่น้อยกว่า 25 mm² ดังนั้น PV H1Z2Z2-K 4/6 mm² มีจำนวนที่อนุญาตให้วางตรง = 0 ทุกความกว้าง | C2: วสท. 022001-22 ข้อ 5.15: สายแกนเดียวมีเปลือกที่วางตรงบน cable ladder ต้องมีขนาดตัวนำไม่น้อยกว่า 25 mm² ดังนั้น PV H1Z2Z2-K 4/6 mm² มีจำนวนที่อนุญาตให้วางตรง = 0 ทุกความกว้าง | D2: วสท. 022001-22 ข้อ 5.15: สายแกนเดียวมีเปลือกที่วางตรงบน cable ladder ต้องมีขนาดตัวนำไม่น้อยกว่า 25 mm² ดังนั้น PV H1Z2Z2-K 4/6 mm² มีจำนวนที่อนุญาตให้วางตรง = 0 ทุกความกว้าง | E2: วสท. 022001-22 ข้อ 5.15: สายแกนเดียวมีเปลือกที่วางตรงบน cable ladder ต้องมีขนาดตัวนำไม่น้อยกว่า 25 mm² ดังนั้น PV H1Z2Z2-K 4/6 mm² มีจำนวนที่อนุญาตให้วางตรง = 0 ทุกความกว้าง | F2: วสท. 022001-22 ข้อ 5.15: สายแกนเดียวมีเปลือกที่วางตรงบน cable ladder ต้องมีขนาดตัวนำไม่น้อยกว่า 25 mm² ดังนั้น PV H1Z2Z2-K 4/6 mm² มีจำนวนที่อนุญาตให้วางตรง = 0 ทุกความกว้าง | G2: วสท. 022001-22 ข้อ 5.15: สายแกนเดียวมีเปลือกที่วางตรงบน cable ladder ต้องมีขนาดตัวนำไม่น้อยกว่า 25 mm² ดังนั้น PV H1Z2Z2-K 4/6 mm² มีจำนวนที่อนุญาตให้วางตรง = 0 ทุกความกว้าง | H2: วสท. 022001-22 ข้อ 5.15: สายแกนเดียวมีเปลือกที่วางตรงบน cable ladder ต้องมีขนาดตัวนำไม่น้อยกว่า 25 mm² ดังนั้น PV H1Z2Z2-K 4/6 mm² มีจำนวนที่อนุญาตให้วางตรง = 0 ทุกความกว้าง | I2: วสท. 022001-22 ข้อ 5.15: สายแกนเดียวมีเปลือกที่วางตรงบน cable ladder ต้องมีขนาดตัวนำไม่น้อยกว่า 25 mm² ดังนั้น PV H1Z2Z2-K 4/6 mm² มีจำนวนที่อนุญาตให้วางตรง = 0 ทุกความกว้าง | J2: วสท. 022001-22 ข้อ 5.15: สายแกนเดียวมีเปลือกที่วางตรงบน cable ladder ต้องมีขนาดตัวนำไม่น้อยกว่า 25 mm² ดังนั้น PV H1Z2Z2-K 4/6 mm² มีจำนวนที่อนุญาตให้วางตรง = 0 ทุกความกว้าง | K2: วสท. 022001-22 ข้อ 5.15: สายแกนเดียวมีเปลือกที่วางตรงบน cable ladder ต้องมีขนาดตัวนำไม่น้อยกว่า 25 mm² ดังนั้น PV H1Z2Z2-K 4/6 mm² มีจำนวนที่อนุญาตให้วางตรง = 0 ทุกความกว้าง | L2: วสท. 022001-22 ข้อ 5.15: สายแกนเดียวมีเปลือกที่วางตรงบน cable ladder ต้องมีขนาดตัวนำไม่น้อยกว่า 25 mm² ดังนั้น PV H1Z2Z2-K 4/6 mm² มีจำนวนที่อนุญาตให้วางตรง = 0 ทุกความกว้าง | M2: วสท. 022001-22 ข้อ 5.15: สายแกนเดียวมีเปลือกที่วางตรงบน cable ladder ต้องมีขนาดตัวนำไม่น้อยกว่า 25 mm² ดังนั้น PV H1Z2Z2-K 4/6 mm² มีจำนวนที่อนุญาตให้วางตรง = 0 ทุกความกว้าง | N2: วสท. 022001-22 ข้อ 5.15: สายแกนเดียวมีเปลือกที่วางตรงบน cable ladder ต้องมีขนาดตัวนำไม่น้อยกว่า 25 mm² ดังนั้น PV H1Z2Z2-K 4/6 mm² มีจำนวนที่อนุญาตให้วางตรง = 0 ทุกความกว้าง
A3: For cable tray/ladder, do not treat the wireway 20% rule as direct permission. Confirm cable eligibility, usable width, support/load and the additional ΣD_cable ≤0.8W screen. | B3: แถว THEORETICAL PHYSICAL ONLY คำนวณจาก N = floor(W_nominal / (1.25 x OD)) เพื่อประเมินพื้นที่เท่านั้น ไม่ทำให้การวางตรงเป็นไปตาม วสท.; แนวทางใช้งานคือเดิน PV ใน IMC/ช่องเดินสายปิดที่เหมาะสม แล้วรองรับท่อบน ladder ตาม shop drawing และน้ำหนักบรรทุก | C3: แถว THEORETICAL PHYSICAL ONLY คำนวณจาก N = floor(W_nominal / (1.25 x OD)) เพื่อประเมินพื้นที่เท่านั้น ไม่ทำให้การวางตรงเป็นไปตาม วสท.; แนวทางใช้งานคือเดิน PV ใน IMC/ช่องเดินสายปิดที่เหมาะสม แล้วรองรับท่อบน ladder ตาม shop drawing และน้ำหนักบรรทุก | D3: แถว THEORETICAL PHYSICAL ONLY คำนวณจาก N = floor(W_nominal / (1.25 x OD)) เพื่อประเมินพื้นที่เท่านั้น ไม่ทำให้การวางตรงเป็นไปตาม วสท.; แนวทางใช้งานคือเดิน PV ใน IMC/ช่องเดินสายปิดที่เหมาะสม แล้วรองรับท่อบน ladder ตาม shop drawing และน้ำหนักบรรทุก | E3: แถว THEORETICAL PHYSICAL ONLY คำนวณจาก N = floor(W_nominal / (1.25 x OD)) เพื่อประเมินพื้นที่เท่านั้น ไม่ทำให้การวางตรงเป็นไปตาม วสท.; แนวทางใช้งานคือเดิน PV ใน IMC/ช่องเดินสายปิดที่เหมาะสม แล้วรองรับท่อบน ladder ตาม shop drawing และน้ำหนักบรรทุก | F3: แถว THEORETICAL PHYSICAL ONLY คำนวณจาก N = floor(W_nominal / (1.25 x OD)) เพื่อประเมินพื้นที่เท่านั้น ไม่ทำให้การวางตรงเป็นไปตาม วสท.; แนวทางใช้งานคือเดิน PV ใน IMC/ช่องเดินสายปิดที่เหมาะสม แล้วรองรับท่อบน ladder ตาม shop drawing และน้ำหนักบรรทุก | G3: แถว THEORETICAL PHYSICAL ONLY คำนวณจาก N = floor(W_nominal / (1.25 x OD)) เพื่อประเมินพื้นที่เท่านั้น ไม่ทำให้การวางตรงเป็นไปตาม วสท.; แนวทางใช้งานคือเดิน PV ใน IMC/ช่องเดินสายปิดที่เหมาะสม แล้วรองรับท่อบน ladder ตาม shop drawing และน้ำหนักบรรทุก | H3: แถว THEORETICAL PHYSICAL ONLY คำนวณจาก N = floor(W_nominal / (1.25 x OD)) เพื่อประเมินพื้นที่เท่านั้น ไม่ทำให้การวางตรงเป็นไปตาม วสท.; แนวทางใช้งานคือเดิน PV ใน IMC/ช่องเดินสายปิดที่เหมาะสม แล้วรองรับท่อบน ladder ตาม shop drawing และน้ำหนักบรรทุก | I3: แถว THEORETICAL PHYSICAL ONLY คำนวณจาก N = floor(W_nominal / (1.25 x OD)) เพื่อประเมินพื้นที่เท่านั้น ไม่ทำให้การวางตรงเป็นไปตาม วสท.; แนวทางใช้งานคือเดิน PV ใน IMC/ช่องเดินสายปิดที่เหมาะสม แล้วรองรับท่อบน ladder ตาม shop drawing และน้ำหนักบรรทุก | J3: แถว THEORETICAL PHYSICAL ONLY คำนวณจาก N = floor(W_nominal / (1.25 x OD)) เพื่อประเมินพื้นที่เท่านั้น ไม่ทำให้การวางตรงเป็นไปตาม วสท.; แนวทางใช้งานคือเดิน PV ใน IMC/ช่องเดินสายปิดที่เหมาะสม แล้วรองรับท่อบน ladder ตาม shop drawing และน้ำหนักบรรทุก | K3: แถว THEORETICAL PHYSICAL ONLY คำนวณจาก N = floor(W_nominal / (1.25 x OD)) เพื่อประเมินพื้นที่เท่านั้น ไม่ทำให้การวางตรงเป็นไปตาม วสท.; แนวทางใช้งานคือเดิน PV ใน IMC/ช่องเดินสายปิดที่เหมาะสม แล้วรองรับท่อบน ladder ตาม shop drawing และน้ำหนักบรรทุก | L3: แถว THEORETICAL PHYSICAL ONLY คำนวณจาก N = floor(W_nominal / (1.25 x OD)) เพื่อประเมินพื้นที่เท่านั้น ไม่ทำให้การวางตรงเป็นไปตาม วสท.; แนวทางใช้งานคือเดิน PV ใน IMC/ช่องเดินสายปิดที่เหมาะสม แล้วรองรับท่อบน ladder ตาม shop drawing และน้ำหนักบรรทุก | M3: แถว THEORETICAL PHYSICAL ONLY คำนวณจาก N = floor(W_nominal / (1.25 x OD)) เพื่อประเมินพื้นที่เท่านั้น ไม่ทำให้การวางตรงเป็นไปตาม วสท.; แนวทางใช้งานคือเดิน PV ใน IMC/ช่องเดินสายปิดที่เหมาะสม แล้วรองรับท่อบน ladder ตาม shop drawing และน้ำหนักบรรทุก | N3: แถว THEORETICAL PHYSICAL ONLY คำนวณจาก N = floor(W_nominal / (1.25 x OD)) เพื่อประเมินพื้นที่เท่านั้น ไม่ทำให้การวางตรงเป็นไปตาม วสท.; แนวทางใช้งานคือเดิน PV ใน IMC/ช่องเดินสายปิดที่เหมาะสม แล้วรองรับท่อบน ladder ตาม shop drawing และน้ำหนักบรรทุก
A4: PV 1C Cable on Cable Ladder | EIT eligibility and physical screening | B4: Nominal ladder width (mm) - replace with actual usable width | C4: Nominal ladder width (mm) - replace with actual usable width | D4: Nominal ladder width (mm) - replace with actual usable width | E4: Nominal ladder width (mm) - replace with actual usable width | F4: 200 | G4: 300 | H4: 400 | I4: 500 | J4: 600 | K4: 700 | L4: 800 | M4: 900 | N4: 1000
A5: EIT working rule: PV single-core cable smaller than 25 mm² is not shown as direct-on-ladder. The theoretical count below is physical-only and not a direct installation permission. | B5: CSA mm² | C5: OD max mm | D5: Direct-on-ladder eligibility | E5: Count type | F5: 200 mm | G5: 300 mm | H5: 400 mm | I5: 500 mm | J5: 600 mm | K5: 700 mm | L5: 800 mm | M5: 900 mm | N5: 1000 mm
A6: Theoretical physical-only count uses N = floor(Wusable / (1.25 × OD)). Replace nominal/assumed width with confirmed usable width before design. | B6: 4 | C6: 6.2 | D6: NOT PERMITTED DIRECT | E6: DIRECT ALLOWABLE | F6: 0 | G6: 0 | H6: 0 | I6: 0 | J6: 0 | K6: 0 | L6: 0 | M6: 0 | N6: 0
A7: Nominal width (mm) — replace with confirmed usable width | B7: 6 | C7: 6.4 | D7: NOT PERMITTED DIRECT | E7: DIRECT ALLOWABLE | F7: 200 | G7: 300 | H7: 400 | I7: 500 | J7: 600 | K7: 700 | L7: 800 | M7: 900 | N7: 1000
A8: PV cable | B8: CSA mm² | C8: OD linked mm | D8: Direct eligibility | E8: Count type | F8: 200 mm | G8: 300 mm | H8: 400 mm | I8: 500 mm | J8: 600 mm | K8: 700 mm | L8: 800 mm | M8: 900 mm | N8: 1000 mm
A9: Phelps Dodge H1Z2Z2-K | B9: 4 | C9: ='Vendor Register'!$E$4 -> 6 | D9: NOT PERMITTED DIRECT | E9: DIRECT COUNT = 0 | F9: =0 -> 0 | G9: =0 -> 0 | H9: =0 -> 0 | I9: =0 -> 0 | J9: =0 -> 0 | K9: =0 -> 0 | L9: =0 -> 0 | M9: =0 -> 0 | N9: =0 -> 0
A10: Phelps Dodge H1Z2Z2-K | B10: 6 | C10: ='Vendor Register'!$E$5 -> 7 | D10: NOT PERMITTED DIRECT | E10: DIRECT COUNT = 0 | F10: =0 -> 0 | G10: =0 -> 0 | H10: =0 -> 0 | I10: =0 -> 0 | J10: =0 -> 0 | K10: =0 -> 0 | L10: =0 -> 0 | M10: =0 -> 0 | N10: =0 -> 0
A11: Phelps Dodge H1Z2Z2-K | B11: 10 | C11: ='Vendor Register'!$E$6 -> 8.2 | D11: NOT PERMITTED DIRECT | E11: DIRECT COUNT = 0 | F11: =0 -> 0 | G11: =0 -> 0 | H11: =0 -> 0 | I11: =0 -> 0 | J11: =0 -> 0 | K11: =0 -> 0 | L11: =0 -> 0 | M11: =0 -> 0 | N11: =0 -> 0
A12: Phelps Dodge H1Z2Z2-K | B12: 16 | C12: ='Vendor Register'!$E$7 -> 9.8 | D12: NOT PERMITTED DIRECT | E12: DIRECT COUNT = 0 | F12: =0 -> 0 | G12: =0 -> 0 | H12: =0 -> 0 | I12: =0 -> 0 | J12: =0 -> 0 | K12: =0 -> 0 | L12: =0 -> 0 | M12: =0 -> 0 | N12: =0 -> 0
A14: Phelps Dodge H1Z2Z2-K | B14: 4 | C14: ='Vendor Register'!$E$4 -> 6 | D14: NOT PERMITTED DIRECT | E14: THEORETICAL PHYSICAL ONLY | F14: =INT(F$7/(1.25*$C14)) -> 26 | G14: =INT(G$7/(1.25*$C14)) -> 40 | H14: =INT(H$7/(1.25*$C14)) -> 53 | I14: =INT(I$7/(1.25*$C14)) -> 66 | J14: =INT(J$7/(1.25*$C14)) -> 80 | K14: =INT(K$7/(1.25*$C14)) -> 93 | L14: =INT(L$7/(1.25*$C14)) -> 106 | M14: =INT(M$7/(1.25*$C14)) -> 120 | N14: =INT(N$7/(1.25*$C14)) -> 133
A15: Phelps Dodge H1Z2Z2-K | B15: 6 | C15: ='Vendor Register'!$E$5 -> 7 | D15: NOT PERMITTED DIRECT | E15: THEORETICAL PHYSICAL ONLY | F15: =INT(F$7/(1.25*$C15)) -> 22 | G15: =INT(G$7/(1.25*$C15)) -> 34 | H15: =INT(H$7/(1.25*$C15)) -> 45 | I15: =INT(I$7/(1.25*$C15)) -> 57 | J15: =INT(J$7/(1.25*$C15)) -> 68 | K15: =INT(K$7/(1.25*$C15)) -> 80 | L15: =INT(L$7/(1.25*$C15)) -> 91 | M15: =INT(M$7/(1.25*$C15)) -> 102 | N15: =INT(N$7/(1.25*$C15)) -> 114
A16: Phelps Dodge H1Z2Z2-K | B16: 10 | C16: ='Vendor Register'!$E$6 -> 8.2 | D16: NOT PERMITTED DIRECT | E16: THEORETICAL PHYSICAL ONLY | F16: =INT(F$7/(1.25*$C16)) -> 19 | G16: =INT(G$7/(1.25*$C16)) -> 29 | H16: =INT(H$7/(1.25*$C16)) -> 39 | I16: =INT(I$7/(1.25*$C16)) -> 48 | J16: =INT(J$7/(1.25*$C16)) -> 58 | K16: =INT(K$7/(1.25*$C16)) -> 68 | L16: =INT(L$7/(1.25*$C16)) -> 78 | M16: =INT(M$7/(1.25*$C16)) -> 87 | N16: =INT(N$7/(1.25*$C16)) -> 97
A17: Phelps Dodge H1Z2Z2-K | B17: 16 | C17: ='Vendor Register'!$E$7 -> 9.8 | D17: NOT PERMITTED DIRECT | E17: THEORETICAL PHYSICAL ONLY | F17: =INT(F$7/(1.25*$C17)) -> 16 | G17: =INT(G$7/(1.25*$C17)) -> 24 | H17: =INT(H$7/(1.25*$C17)) -> 32 | I17: =INT(I$7/(1.25*$C17)) -> 40 | J17: =INT(J$7/(1.25*$C17)) -> 48 | K17: =INT(K$7/(1.25*$C17)) -> 57 | L17: =INT(L$7/(1.25*$C17)) -> 65 | M17: =INT(M$7/(1.25*$C17)) -> 73 | N17: =INT(N$7/(1.25*$C17)) -> 81
A20: PV 1C Cable on Cable Tray | EIT eligibility and physical screening
A21: EIT working rule: do not substitute wireway 20% fill for tray. Apply cable type eligibility, usable width, support/load and the additional ΣD_cable ≤0.8W width screen.
A22: Theoretical physical-only count uses N = floor(Wusable / (1.25 × OD)). Replace nominal/assumed width with confirmed usable width before design.
A23: Nominal width (mm) — replace with confirmed usable width | F23: 200 | G23: 300 | H23: 400 | I23: 500 | J23: 600 | K23: 700 | L23: 800 | M23: 900 | N23: 1000
A24: PV cable | B24: CSA mm² | C24: OD linked mm | D24: Direct eligibility | E24: Count type | F24: 200 mm | G24: 300 mm | H24: 400 mm | I24: 500 mm | J24: 600 mm | K24: 700 mm | L24: 800 mm | M24: 900 mm | N24: 1000 mm
A25: Phelps Dodge H1Z2Z2-K | B25: 4 | C25: ='Vendor Register'!$E$4 -> 6 | D25: NOT PERMITTED DIRECT | E25: DIRECT COUNT = 0 | F25: =0 -> 0 | G25: =0 -> 0 | H25: =0 -> 0 | I25: =0 -> 0 | J25: =0 -> 0 | K25: =0 -> 0 | L25: =0 -> 0 | M25: =0 -> 0 | N25: =0 -> 0
A26: Phelps Dodge H1Z2Z2-K | B26: 6 | C26: ='Vendor Register'!$E$5 -> 7 | D26: NOT PERMITTED DIRECT | E26: DIRECT COUNT = 0 | F26: =0 -> 0 | G26: =0 -> 0 | H26: =0 -> 0 | I26: =0 -> 0 | J26: =0 -> 0 | K26: =0 -> 0 | L26: =0 -> 0 | M26: =0 -> 0 | N26: =0 -> 0
A27: Phelps Dodge H1Z2Z2-K | B27: 10 | C27: ='Vendor Register'!$E$6 -> 8.2 | D27: NOT PERMITTED DIRECT | E27: DIRECT COUNT = 0 | F27: =0 -> 0 | G27: =0 -> 0 | H27: =0 -> 0 | I27: =0 -> 0 | J27: =0 -> 0 | K27: =0 -> 0 | L27: =0 -> 0 | M27: =0 -> 0 | N27: =0 -> 0
A28: Phelps Dodge H1Z2Z2-K | B28: 16 | C28: ='Vendor Register'!$E$7 -> 9.8 | D28: NOT PERMITTED DIRECT | E28: DIRECT COUNT = 0 | F28: =0 -> 0 | G28: =0 -> 0 | H28: =0 -> 0 | I28: =0 -> 0 | J28: =0 -> 0 | K28: =0 -> 0 | L28: =0 -> 0 | M28: =0 -> 0 | N28: =0 -> 0
A30: Phelps Dodge H1Z2Z2-K | B30: 4 | C30: ='Vendor Register'!$E$4 -> 6 | D30: NOT PERMITTED DIRECT | E30: THEORETICAL PHYSICAL ONLY | F30: =INT(F$23/(1.25*$C30)) -> 26 | G30: =INT(G$23/(1.25*$C30)) -> 40 | H30: =INT(H$23/(1.25*$C30)) -> 53 | I30: =INT(I$23/(1.25*$C30)) -> 66 | J30: =INT(J$23/(1.25*$C30)) -> 80 | K30: =INT(K$23/(1.25*$C30)) -> 93 | L30: =INT(L$23/(1.25*$C30)) -> 106 | M30: =INT(M$23/(1.25*$C30)) -> 120 | N30: =INT(N$23/(1.25*$C30)) -> 133
A31: Phelps Dodge H1Z2Z2-K | B31: 6 | C31: ='Vendor Register'!$E$5 -> 7 | D31: NOT PERMITTED DIRECT | E31: THEORETICAL PHYSICAL ONLY | F31: =INT(F$23/(1.25*$C31)) -> 22 | G31: =INT(G$23/(1.25*$C31)) -> 34 | H31: =INT(H$23/(1.25*$C31)) -> 45 | I31: =INT(I$23/(1.25*$C31)) -> 57 | J31: =INT(J$23/(1.25*$C31)) -> 68 | K31: =INT(K$23/(1.25*$C31)) -> 80 | L31: =INT(L$23/(1.25*$C31)) -> 91 | M31: =INT(M$23/(1.25*$C31)) -> 102 | N31: =INT(N$23/(1.25*$C31)) -> 114
A32: Phelps Dodge H1Z2Z2-K | B32: 10 | C32: ='Vendor Register'!$E$6 -> 8.2 | D32: NOT PERMITTED DIRECT | E32: THEORETICAL PHYSICAL ONLY | F32: =INT(F$23/(1.25*$C32)) -> 19 | G32: =INT(G$23/(1.25*$C32)) -> 29 | H32: =INT(H$23/(1.25*$C32)) -> 39 | I32: =INT(I$23/(1.25*$C32)) -> 48 | J32: =INT(J$23/(1.25*$C32)) -> 58 | K32: =INT(K$23/(1.25*$C32)) -> 68 | L32: =INT(L$23/(1.25*$C32)) -> 78 | M32: =INT(M$23/(1.25*$C32)) -> 87 | N32: =INT(N$23/(1.25*$C32)) -> 97
A33: Phelps Dodge H1Z2Z2-K | B33: 16 | C33: ='Vendor Register'!$E$7 -> 9.8 | D33: NOT PERMITTED DIRECT | E33: THEORETICAL PHYSICAL ONLY | F33: =INT(F$23/(1.25*$C33)) -> 16 | G33: =INT(G$23/(1.25*$C33)) -> 24 | H33: =INT(H$23/(1.25*$C33)) -> 32 | I33: =INT(I$23/(1.25*$C33)) -> 40 | J33: =INT(J$23/(1.25*$C33)) -> 48 | K33: =INT(K$23/(1.25*$C33)) -> 57 | L33: =INT(L$23/(1.25*$C33)) -> 65 | M33: =INT(M$23/(1.25*$C33)) -> 73 | N33: =INT(N$23/(1.25*$C33)) -> 81
A36: Ladder | PV Cable Linked OD and Physical Screening | B36: Ladder | PV Cable Linked OD and Physical Screening | C36: Ladder | PV Cable Linked OD and Physical Screening | D36: Ladder | PV Cable Linked OD and Physical Screening | E36: Ladder | PV Cable Linked OD and Physical Screening | F36: Ladder | PV Cable Linked OD and Physical Screening | G36: Ladder | PV Cable Linked OD and Physical Screening | H36: Ladder | PV Cable Linked OD and Physical Screening
A37: PV single-core cables below 25 mm² are shown as NOT PERMITTED DIRECT on ladder under the current EIT working rule. The count is theoretical physical screening only; use protected route/closed channel and confirm shop drawing. | B37: PV single-core cables below 25 mm² are shown as NOT PERMITTED DIRECT on ladder under the current EIT working rule. The count is theoretical physical screening only; use protected route/closed channel and confirm shop drawing. | C37: PV single-core cables below 25 mm² are shown as NOT PERMITTED DIRECT on ladder under the current EIT working rule. The count is theoretical physical screening only; use protected route/closed channel and confirm shop drawing. | D37: PV single-core cables below 25 mm² are shown as NOT PERMITTED DIRECT on ladder under the current EIT working rule. The count is theoretical physical screening only; use protected route/closed channel and confirm shop drawing. | E37: PV single-core cables below 25 mm² are shown as NOT PERMITTED DIRECT on ladder under the current EIT working rule. The count is theoretical physical screening only; use protected route/closed channel and confirm shop drawing. | F37: PV single-core cables below 25 mm² are shown as NOT PERMITTED DIRECT on ladder under the current EIT working rule. The count is theoretical physical screening only; use protected route/closed channel and confirm shop drawing. | G37: PV single-core cables below 25 mm² are shown as NOT PERMITTED DIRECT on ladder under the current EIT working rule. The count is theoretical physical screening only; use protected route/closed channel and confirm shop drawing. | H37: PV single-core cables below 25 mm² are shown as NOT PERMITTED DIRECT on ladder under the current EIT working rule. The count is theoretical physical screening only; use protected route/closed channel and confirm shop drawing.
A38: Cable ID | B38: CSA (mm²) | C38: OD linked (mm) | D38: Direct eligibility | E38: Width basis (mm) | F38: Theoretical / width max qty | G38: Width used at max (mm) | H38: Width occupancy
A39: PV-PD-4 | B39: 4 | C39: ='Vendor Register'!$E$4 -> 6 | D39: NOT PERMITTED DIRECT | E39: 400 | F39: =INT(E39/(1.25*C39)) -> 53 | G39: =F39*C39 -> 318 | H39: =IFERROR(G39/E39,"") -> 0.795
A40: PV-PD-6 | B40: 6 | C40: ='Vendor Register'!$E$5 -> 7 | D40: NOT PERMITTED DIRECT | E40: 400 | F40: =INT(E40/(1.25*C40)) -> 45 | G40: =F40*C40 -> 315 | H40: =IFERROR(G40/E40,"") -> 0.7875
A41: PV-PD-10 | B41: 10 | C41: ='Vendor Register'!$E$6 -> 8.2 | D41: NOT PERMITTED DIRECT | E41: 400 | F41: =INT(E41/(1.25*C41)) -> 39 | G41: =F41*C41 -> 319.8 | H41: =IFERROR(G41/E41,"") -> 0.7995
A42: PV-PD-16 | B42: 16 | C42: ='Vendor Register'!$E$7 -> 9.8 | D42: NOT PERMITTED DIRECT | E42: 400 | F42: =INT(E42/(1.25*C42)) -> 32 | G42: =F42*C42 -> 313.6 | H42: =IFERROR(G42/E42,"") -> 0.784
A43: Change the width basis in E5:E8 to the actual usable ladder width. Do not treat theoretical count as direct-on-ladder permission for PV 4/6/10/16 mm².
A45: Cable Tray | PV Cable Linked OD and 0.8W Width Screening | B45: Cable Tray | PV Cable Linked OD and 0.8W Width Screening | C45: Cable Tray | PV Cable Linked OD and 0.8W Width Screening | D45: Cable Tray | PV Cable Linked OD and 0.8W Width Screening | E45: Cable Tray | PV Cable Linked OD and 0.8W Width Screening | F45: Cable Tray | PV Cable Linked OD and 0.8W Width Screening | G45: Cable Tray | PV Cable Linked OD and 0.8W Width Screening | H45: Cable Tray | PV Cable Linked OD and 0.8W Width Screening
A46: Cable tray does not use the wireway 20% rule as a direct substitute. This view applies the requested extra width screen ΣD_cable ≤0.8W; confirm tray construction, usable width, support span and cable arrangement. | B46: Cable tray does not use the wireway 20% rule as a direct substitute. This view applies the requested extra width screen ΣD_cable ≤0.8W; confirm tray construction, usable width, support span and cable arrangement. | C46: Cable tray does not use the wireway 20% rule as a direct substitute. This view applies the requested extra width screen ΣD_cable ≤0.8W; confirm tray construction, usable width, support span and cable arrangement. | D46: Cable tray does not use the wireway 20% rule as a direct substitute. This view applies the requested extra width screen ΣD_cable ≤0.8W; confirm tray construction, usable width, support span and cable arrangement. | E46: Cable tray does not use the wireway 20% rule as a direct substitute. This view applies the requested extra width screen ΣD_cable ≤0.8W; confirm tray construction, usable width, support span and cable arrangement. | F46: Cable tray does not use the wireway 20% rule as a direct substitute. This view applies the requested extra width screen ΣD_cable ≤0.8W; confirm tray construction, usable width, support span and cable arrangement. | G46: Cable tray does not use the wireway 20% rule as a direct substitute. This view applies the requested extra width screen ΣD_cable ≤0.8W; confirm tray construction, usable width, support span and cable arrangement. | H46: Cable tray does not use the wireway 20% rule as a direct substitute. This view applies the requested extra width screen ΣD_cable ≤0.8W; confirm tray construction, usable width, support span and cable arrangement.
A48: Cable ID | B48: CSA (mm²) | C48: OD linked (mm) | D48: Direct eligibility | E48: Width basis (mm) | F48: Theoretical / width max qty | G48: Width used at max (mm) | H48: Width occupancy
A49: PV-PD-4 | B49: 4 | C49: ='Vendor Register'!$E$4 -> 6 | D49: NOT PERMITTED DIRECT | E49: 400 | F49: =INT(0.8*E49/C49) -> 53 | G49: =F49*C49 -> 318 | H49: =IFERROR(G49/E49,"") -> 0.795
A50: PV-PD-6 | B50: 6 | C50: ='Vendor Register'!$E$5 -> 7 | D50: NOT PERMITTED DIRECT | E50: 400 | F50: =INT(0.8*E50/C50) -> 45 | G50: =F50*C50 -> 315 | H50: =IFERROR(G50/E50,"") -> 0.7875
A51: PV-PD-10 | B51: 10 | C51: ='Vendor Register'!$E$6 -> 8.2 | D51: NOT PERMITTED DIRECT | E51: 400 | F51: =INT(0.8*E51/C51) -> 39 | G51: =F51*C51 -> 319.8 | H51: =IFERROR(G51/E51,"") -> 0.7995
A52: PV-PD-16 | B52: 16 | C52: ='Vendor Register'!$E$7 -> 9.8 | D52: NOT PERMITTED DIRECT | E52: 400 | F52: =INT(0.8*E52/C52) -> 32 | G52: =F52*C52 -> 313.6 | H52: =IFERROR(G52/E52,"") -> 0.784
A53: Change the width basis in E5:E8 to the actual usable tray width. The 0.8W condition is a width arrangement screen and must be checked with actual cable grouping and support design.

Sheet 3.PV Wireway
A1: PV 1C Cable in Wireway | EIT 20% Fill + requested ΣD_cable ≤0.8W screen | B1: PV 1C Cable in Wireway | EIT 20% Fill + requested ΣD_cable ≤0.8W screen | C1: PV 1C Cable in Wireway | EIT 20% Fill + requested ΣD_cable ≤0.8W screen | D1: PV 1C Cable in Wireway | EIT 20% Fill + requested ΣD_cable ≤0.8W screen | E1: PV 1C Cable in Wireway | EIT 20% Fill + requested ΣD_cable ≤0.8W screen | F1: PV 1C Cable in Wireway | EIT 20% Fill + requested ΣD_cable ≤0.8W screen | G1: PV 1C Cable in Wireway | EIT 20% Fill + requested ΣD_cable ≤0.8W screen | H1: PV 1C Cable in Wireway | EIT 20% Fill + requested ΣD_cable ≤0.8W screen | I1: PV 1C Cable in Wireway | EIT 20% Fill + requested ΣD_cable ≤0.8W screen | J1: PV 1C Cable in Wireway | EIT 20% Fill + requested ΣD_cable ≤0.8W screen
A2: Rule basis: wireway cable area ≤20% of internal W×H. The extra width screen ΣD_cable ≤0.8W is shown separately and is not a replacement for the 20% area rule. OD values are linked to Vendor Register. | B2: วสท. 022001-22 ข้อ 5.12: ช่วงปกติ พื้นที่หน้าตัดรวมของสายรวมฉนวนต้องไม่เกิน 20% ของพื้นที่ภายใน wireway; ตารางนี้ใช้ internal W x H ตัวอย่างและ OD สูงสุดของ Prysmian PRYSUN | C2: วสท. 022001-22 ข้อ 5.12: ช่วงปกติ พื้นที่หน้าตัดรวมของสายรวมฉนวนต้องไม่เกิน 20% ของพื้นที่ภายใน wireway; ตารางนี้ใช้ internal W x H ตัวอย่างและ OD สูงสุดของ Prysmian PRYSUN | D2: วสท. 022001-22 ข้อ 5.12: ช่วงปกติ พื้นที่หน้าตัดรวมของสายรวมฉนวนต้องไม่เกิน 20% ของพื้นที่ภายใน wireway; ตารางนี้ใช้ internal W x H ตัวอย่างและ OD สูงสุดของ Prysmian PRYSUN | E2: วสท. 022001-22 ข้อ 5.12: ช่วงปกติ พื้นที่หน้าตัดรวมของสายรวมฉนวนต้องไม่เกิน 20% ของพื้นที่ภายใน wireway; ตารางนี้ใช้ internal W x H ตัวอย่างและ OD สูงสุดของ Prysmian PRYSUN | F2: วสท. 022001-22 ข้อ 5.12: ช่วงปกติ พื้นที่หน้าตัดรวมของสายรวมฉนวนต้องไม่เกิน 20% ของพื้นที่ภายใน wireway; ตารางนี้ใช้ internal W x H ตัวอย่างและ OD สูงสุดของ Prysmian PRYSUN | G2: วสท. 022001-22 ข้อ 5.12: ช่วงปกติ พื้นที่หน้าตัดรวมของสายรวมฉนวนต้องไม่เกิน 20% ของพื้นที่ภายใน wireway; ตารางนี้ใช้ internal W x H ตัวอย่างและ OD สูงสุดของ Prysmian PRYSUN | H2: วสท. 022001-22 ข้อ 5.12: ช่วงปกติ พื้นที่หน้าตัดรวมของสายรวมฉนวนต้องไม่เกิน 20% ของพื้นที่ภายใน wireway; ตารางนี้ใช้ internal W x H ตัวอย่างและ OD สูงสุดของ Prysmian PRYSUN | I2: วสท. 022001-22 ข้อ 5.12: ช่วงปกติ พื้นที่หน้าตัดรวมของสายรวมฉนวนต้องไม่เกิน 20% ของพื้นที่ภายใน wireway; ตารางนี้ใช้ internal W x H ตัวอย่างและ OD สูงสุดของ Prysmian PRYSUN | J2: วสท. 022001-22 ข้อ 5.12: ช่วงปกติ พื้นที่หน้าตัดรวมของสายรวมฉนวนต้องไม่เกิน 20% ของพื้นที่ภายใน wireway; ตารางนี้ใช้ internal W x H ตัวอย่างและ OD สูงสุดของ Prysmian PRYSUN
A3: CCC >30 is a grouping/ampacity HOLD POINT. Confirm actual internal dimensions, cable OD, installation method, connector space, bending radius and support before final design. | B3: จุดต่อ/แยกที่เปิดตรวจได้อาจใช้เกณฑ์รวมสายและ connector ไม่เกิน 75% แต่ไม่ได้ใช้ในตารางนี้. ค่าเกิน 30 current-carrying conductors ไม่ใช่ข้อห้ามด้านพื้นที่ แต่เป็น HOLD POINT สำหรับ grouping/ampacity derating | C3: จุดต่อ/แยกที่เปิดตรวจได้อาจใช้เกณฑ์รวมสายและ connector ไม่เกิน 75% แต่ไม่ได้ใช้ในตารางนี้. ค่าเกิน 30 current-carrying conductors ไม่ใช่ข้อห้ามด้านพื้นที่ แต่เป็น HOLD POINT สำหรับ grouping/ampacity derating | D3: จุดต่อ/แยกที่เปิดตรวจได้อาจใช้เกณฑ์รวมสายและ connector ไม่เกิน 75% แต่ไม่ได้ใช้ในตารางนี้. ค่าเกิน 30 current-carrying conductors ไม่ใช่ข้อห้ามด้านพื้นที่ แต่เป็น HOLD POINT สำหรับ grouping/ampacity derating | E3: จุดต่อ/แยกที่เปิดตรวจได้อาจใช้เกณฑ์รวมสายและ connector ไม่เกิน 75% แต่ไม่ได้ใช้ในตารางนี้. ค่าเกิน 30 current-carrying conductors ไม่ใช่ข้อห้ามด้านพื้นที่ แต่เป็น HOLD POINT สำหรับ grouping/ampacity derating | F3: จุดต่อ/แยกที่เปิดตรวจได้อาจใช้เกณฑ์รวมสายและ connector ไม่เกิน 75% แต่ไม่ได้ใช้ในตารางนี้. ค่าเกิน 30 current-carrying conductors ไม่ใช่ข้อห้ามด้านพื้นที่ แต่เป็น HOLD POINT สำหรับ grouping/ampacity derating | G3: จุดต่อ/แยกที่เปิดตรวจได้อาจใช้เกณฑ์รวมสายและ connector ไม่เกิน 75% แต่ไม่ได้ใช้ในตารางนี้. ค่าเกิน 30 current-carrying conductors ไม่ใช่ข้อห้ามด้านพื้นที่ แต่เป็น HOLD POINT สำหรับ grouping/ampacity derating | H3: จุดต่อ/แยกที่เปิดตรวจได้อาจใช้เกณฑ์รวมสายและ connector ไม่เกิน 75% แต่ไม่ได้ใช้ในตารางนี้. ค่าเกิน 30 current-carrying conductors ไม่ใช่ข้อห้ามด้านพื้นที่ แต่เป็น HOLD POINT สำหรับ grouping/ampacity derating | I3: จุดต่อ/แยกที่เปิดตรวจได้อาจใช้เกณฑ์รวมสายและ connector ไม่เกิน 75% แต่ไม่ได้ใช้ในตารางนี้. ค่าเกิน 30 current-carrying conductors ไม่ใช่ข้อห้ามด้านพื้นที่ แต่เป็น HOLD POINT สำหรับ grouping/ampacity derating | J3: จุดต่อ/แยกที่เปิดตรวจได้อาจใช้เกณฑ์รวมสายและ connector ไม่เกิน 75% แต่ไม่ได้ใช้ในตารางนี้. ค่าเกิน 30 current-carrying conductors ไม่ใช่ข้อห้ามด้านพื้นที่ แต่เป็น HOLD POINT สำหรับ grouping/ampacity derating
A4: Max String @20% area
A5: Example internal size | B5: W int. (mm) | C5: H int. (mm) | D5: Internal area (mm²) | E5: 4 mm² max qty | F5: 6 mm² max qty | G5: 10 mm² max qty | H5: 16 mm² max qty | I5: CCC checkpoint | J5: Engineering status | O5: Wireway size | P5: W (mm) | Q5: H (mm) | R5: Internal area (mm²) | S5: 4 mm² fill % | T5: 6 mm² fill % | U5: 10 mm² fill % | V5: 16 mm² fill % | W5: CCC checkpoint | X5: Engineering status
A6: 50 x 50 mm | B6: 50 | C6: 50 | D6: =IF(OR(B6="",C6=""),"",B6*C6) -> 2500 | E6: =IFERROR(INT(0.2*$D6/(PI()*'Vendor Register'!$E$4^2/4)),"") -> 17 | F6: =IFERROR(INT(0.2*$D6/(PI()*'Vendor Register'!$E$5^2/4)),"") -> 12 | G6: =IFERROR(INT(0.2*$D6/(PI()*'Vendor Register'!$E$6^2/4)),"") -> 9 | H6: =IFERROR(INT(0.2*$D6/(PI()*'Vendor Register'!$E$7^2/4)),"") -> 6 | I6: =IF(MAX(E6:H6)>30,"DERATING CHECK >30 CCC","<=30 CCC SCREEN") -> <=30 CCC SCREEN | J6: =IF(I6="DERATING CHECK >30 CCC","DERATING / grouping check required","Screening only; confirm dimensions and apply 0.8W check below") -> Screening only; confirm dimensions and apply 0.8W check below | O6: =A6 -> 50 x 50 mm | P6: =B6 -> 50 | Q6: =C6 -> 50 | R6: =D6 -> 2500 | S6: =IFERROR($E6*PI()*'Vendor Register'!$E$4^2/4/$D6,"") -> 0.19226547 | T6: =IFERROR($F6*PI()*'Vendor Register'!$E$5^2/4/$D6,"") -> 0.18472565 | U6: =IFERROR($G6*PI()*'Vendor Register'!$E$6^2/4/$D6,"") -> 0.19011662 | V6: =IFERROR($H6*PI()*'Vendor Register'!$E$7^2/4/$D6,"") -> 0.18103114 | W6: =I6 -> <=30 CCC SCREEN | X6: =J6 -> Screening only; confirm dimensions and apply 0.8W check below
A7: 75 x 75 mm | B7: 75 | C7: 75 | D7: =IF(OR(B7="",C7=""),"",B7*C7) -> 5625 | E7: =IFERROR(INT(0.2*$D7/(PI()*'Vendor Register'!$E$4^2/4)),"") -> 39 | F7: =IFERROR(INT(0.2*$D7/(PI()*'Vendor Register'!$E$5^2/4)),"") -> 29 | G7: =IFERROR(INT(0.2*$D7/(PI()*'Vendor Register'!$E$6^2/4)),"") -> 21 | H7: =IFERROR(INT(0.2*$D7/(PI()*'Vendor Register'!$E$7^2/4)),"") -> 14 | I7: =IF(MAX(E7:H7)>30,"DERATING CHECK >30 CCC","<=30 CCC SCREEN") -> DERATING CHECK >30 CCC | J7: =IF(I7="DERATING CHECK >30 CCC","DERATING / grouping check required","Screening only; confirm dimensions and apply 0.8W check below") -> DERATING / grouping check required | O7: =A7 -> 75 x 75 mm | P7: =B7 -> 75 | Q7: =C7 -> 75 | R7: =D7 -> 5625 | S7: =IFERROR($E7*PI()*'Vendor Register'!$E$4^2/4/$D7,"") -> 0.19603538 | T7: =IFERROR($F7*PI()*'Vendor Register'!$E$5^2/4/$D7,"") -> 0.19840903 | U7: =IFERROR($G7*PI()*'Vendor Register'!$E$6^2/4/$D7,"") -> 0.19715798 | V7: =IFERROR($H7*PI()*'Vendor Register'!$E$7^2/4/$D7,"") -> 0.18773599 | W7: =I7 -> DERATING CHECK >30 CCC | X7: =J7 -> DERATING / grouping check required
A8: 100 x 50 mm | B8: 100 | C8: 50 | D8: =IF(OR(B8="",C8=""),"",B8*C8) -> 5000 | E8: =IFERROR(INT(0.2*$D8/(PI()*'Vendor Register'!$E$4^2/4)),"") -> 35 | F8: =IFERROR(INT(0.2*$D8/(PI()*'Vendor Register'!$E$5^2/4)),"") -> 25 | G8: =IFERROR(INT(0.2*$D8/(PI()*'Vendor Register'!$E$6^2/4)),"") -> 18 | H8: =IFERROR(INT(0.2*$D8/(PI()*'Vendor Register'!$E$7^2/4)),"") -> 13 | I8: =IF(MAX(E8:H8)>30,"DERATING CHECK >30 CCC","<=30 CCC SCREEN") -> DERATING CHECK >30 CCC | J8: =IF(I8="DERATING CHECK >30 CCC","DERATING / grouping check required","Screening only; confirm dimensions and apply 0.8W check below") -> DERATING / grouping check required | O8: =A8 -> 100 x 50 mm | P8: =B8 -> 100 | Q8: =C8 -> 50 | R8: =D8 -> 5000 | S8: =IFERROR($E8*PI()*'Vendor Register'!$E$4^2/4/$D8,"") -> 0.19792034 | T8: =IFERROR($F8*PI()*'Vendor Register'!$E$5^2/4/$D8,"") -> 0.19242255 | U8: =IFERROR($G8*PI()*'Vendor Register'!$E$6^2/4/$D8,"") -> 0.19011662 | V8: =IFERROR($H8*PI()*'Vendor Register'!$E$7^2/4/$D8,"") -> 0.19611706 | W8: =I8 -> DERATING CHECK >30 CCC | X8: =J8 -> DERATING / grouping check required
A9: 100 x 100 mm | B9: 100 | C9: 100 | D9: =IF(OR(B9="",C9=""),"",B9*C9) -> 10000 | E9: =IFERROR(INT(0.2*$D9/(PI()*'Vendor Register'!$E$4^2/4)),"") -> 70 | F9: =IFERROR(INT(0.2*$D9/(PI()*'Vendor Register'!$E$5^2/4)),"") -> 51 | G9: =IFERROR(INT(0.2*$D9/(PI()*'Vendor Register'!$E$6^2/4)),"") -> 37 | H9: =IFERROR(INT(0.2*$D9/(PI()*'Vendor Register'!$E$7^2/4)),"") -> 26 | I9: =IF(MAX(E9:H9)>30,"DERATING CHECK >30 CCC","<=30 CCC SCREEN") -> DERATING CHECK >30 CCC | J9: =IF(I9="DERATING CHECK >30 CCC","DERATING / grouping check required","Screening only; confirm dimensions and apply 0.8W check below") -> DERATING / grouping check required | O9: =A9 -> 100 x 100 mm | P9: =B9 -> 100 | Q9: =C9 -> 100 | R9: =D9 -> 10000 | S9: =IFERROR($E9*PI()*'Vendor Register'!$E$4^2/4/$D9,"") -> 0.19792034 | T9: =IFERROR($F9*PI()*'Vendor Register'!$E$5^2/4/$D9,"") -> 0.196271 | U9: =IFERROR($G9*PI()*'Vendor Register'!$E$6^2/4/$D9,"") -> 0.19539764 | V9: =IFERROR($H9*PI()*'Vendor Register'!$E$7^2/4/$D9,"") -> 0.19611706 | W9: =I9 -> DERATING CHECK >30 CCC | X9: =J9 -> DERATING / grouping check required
A10: 150 x 100 mm | B10: 150 | C10: 100 | D10: =IF(OR(B10="",C10=""),"",B10*C10) -> 15000 | E10: =IFERROR(INT(0.2*$D10/(PI()*'Vendor Register'!$E$4^2/4)),"") -> 106 | F10: =IFERROR(INT(0.2*$D10/(PI()*'Vendor Register'!$E$5^2/4)),"") -> 77 | G10: =IFERROR(INT(0.2*$D10/(PI()*'Vendor Register'!$E$6^2/4)),"") -> 56 | H10: =IFERROR(INT(0.2*$D10/(PI()*'Vendor Register'!$E$7^2/4)),"") -> 39 | I10: =IF(MAX(E10:H10)>30,"DERATING CHECK >30 CCC","<=30 CCC SCREEN") -> DERATING CHECK >30 CCC | J10: =IF(I10="DERATING CHECK >30 CCC","DERATING / grouping check required","Screening only; confirm dimensions and apply 0.8W check below") -> DERATING / grouping check required | O10: =A10 -> 150 x 100 mm | P10: =B10 -> 150 | Q10: =C10 -> 100 | R10: =D10 -> 15000 | S10: =IFERROR($E10*PI()*'Vendor Register'!$E$4^2/4/$D10,"") -> 0.19980529 | T10: =IFERROR($F10*PI()*'Vendor Register'!$E$5^2/4/$D10,"") -> 0.19755382 | U10: =IFERROR($G10*PI()*'Vendor Register'!$E$6^2/4/$D10,"") -> 0.19715798 | V10: =IFERROR($H10*PI()*'Vendor Register'!$E$7^2/4/$D10,"") -> 0.19611706 | W10: =I10 -> DERATING CHECK >30 CCC | X10: =J10 -> DERATING / grouping check required
A11: 150 x 150 mm | B11: 150 | C11: 150 | D11: =IF(OR(B11="",C11=""),"",B11*C11) -> 22500 | E11: =IFERROR(INT(0.2*$D11/(PI()*'Vendor Register'!$E$4^2/4)),"") -> 159 | F11: =IFERROR(INT(0.2*$D11/(PI()*'Vendor Register'!$E$5^2/4)),"") -> 116 | G11: =IFERROR(INT(0.2*$D11/(PI()*'Vendor Register'!$E$6^2/4)),"") -> 85 | H11: =IFERROR(INT(0.2*$D11/(PI()*'Vendor Register'!$E$7^2/4)),"") -> 59 | I11: =IF(MAX(E11:H11)>30,"DERATING CHECK >30 CCC","<=30 CCC SCREEN") -> DERATING CHECK >30 CCC | J11: =IF(I11="DERATING CHECK >30 CCC","DERATING / grouping check required","Screening only; confirm dimensions and apply 0.8W check below") -> DERATING / grouping check required | O11: =A11 -> 150 x 150 mm | P11: =B11 -> 150 | Q11: =C11 -> 150 | R11: =D11 -> 22500 | S11: =IFERROR($E11*PI()*'Vendor Register'!$E$4^2/4/$D11,"") -> 0.19980529 | T11: =IFERROR($F11*PI()*'Vendor Register'!$E$5^2/4/$D11,"") -> 0.19840903 | U11: =IFERROR($G11*PI()*'Vendor Register'!$E$6^2/4/$D11,"") -> 0.1995051 | V11: =IFERROR($H11*PI()*'Vendor Register'!$E$7^2/4/$D11,"") -> 0.19779328 | W11: =I11 -> DERATING CHECK >30 CCC | X11: =J11 -> DERATING / grouping check required
A12: 200 x 100 mm | B12: 200 | C12: 100 | D12: =IF(OR(B12="",C12=""),"",B12*C12) -> 20000 | E12: =IFERROR(INT(0.2*$D12/(PI()*'Vendor Register'!$E$4^2/4)),"") -> 141 | F12: =IFERROR(INT(0.2*$D12/(PI()*'Vendor Register'!$E$5^2/4)),"") -> 103 | G12: =IFERROR(INT(0.2*$D12/(PI()*'Vendor Register'!$E$6^2/4)),"") -> 75 | H12: =IFERROR(INT(0.2*$D12/(PI()*'Vendor Register'!$E$7^2/4)),"") -> 53 | I12: =IF(MAX(E12:H12)>30,"DERATING CHECK >30 CCC","<=30 CCC SCREEN") -> DERATING CHECK >30 CCC | J12: =IF(I12="DERATING CHECK >30 CCC","DERATING / grouping check required","Screening only; confirm dimensions and apply 0.8W check below") -> DERATING / grouping check required | O12: =A12 -> 200 x 100 mm | P12: =B12 -> 200 | Q12: =C12 -> 100 | R12: =D12 -> 20000 | S12: =IFERROR($E12*PI()*'Vendor Register'!$E$4^2/4/$D12,"") -> 0.19933405 | T12: =IFERROR($F12*PI()*'Vendor Register'!$E$5^2/4/$D12,"") -> 0.19819523 | U12: =IFERROR($G12*PI()*'Vendor Register'!$E$6^2/4/$D12,"") -> 0.19803815 | V12: =IFERROR($H12*PI()*'Vendor Register'!$E$7^2/4/$D12,"") -> 0.19988854 | W12: =I12 -> DERATING CHECK >30 CCC | X12: =J12 -> DERATING / grouping check required
A13: 200 x 150 mm | B13: 200 | C13: 150 | D13: =IF(OR(B13="",C13=""),"",B13*C13) -> 30000 | E13: =IFERROR(INT(0.2*$D13/(PI()*'Vendor Register'!$E$4^2/4)),"") -> 212 | F13: =IFERROR(INT(0.2*$D13/(PI()*'Vendor Register'!$E$5^2/4)),"") -> 155 | G13: =IFERROR(INT(0.2*$D13/(PI()*'Vendor Register'!$E$6^2/4)),"") -> 113 | H13: =IFERROR(INT(0.2*$D13/(PI()*'Vendor Register'!$E$7^2/4)),"") -> 79 | I13: =IF(MAX(E13:H13)>30,"DERATING CHECK >30 CCC","<=30 CCC SCREEN") -> DERATING CHECK >30 CCC | J13: =IF(I13="DERATING CHECK >30 CCC","DERATING / grouping check required","Screening only; confirm dimensions and apply 0.8W check below") -> DERATING / grouping check required | O13: =A13 -> 200 x 150 mm | P13: =B13 -> 200 | Q13: =C13 -> 150 | R13: =D13 -> 30000 | S13: =IFERROR($E13*PI()*'Vendor Register'!$E$4^2/4/$D13,"") -> 0.19980529 | T13: =IFERROR($F13*PI()*'Vendor Register'!$E$5^2/4/$D13,"") -> 0.19883664 | U13: =IFERROR($G13*PI()*'Vendor Register'!$E$6^2/4/$D13,"") -> 0.19891832 | V13: =IFERROR($H13*PI()*'Vendor Register'!$E$7^2/4/$D13,"") -> 0.19863138 | W13: =I13 -> DERATING CHECK >30 CCC | X13: =J13 -> DERATING / grouping check required
A14: 200 x 200 mm | B14: 200 | C14: 200 | D14: =IF(OR(B14="",C14=""),"",B14*C14) -> 40000 | E14: =IFERROR(INT(0.2*$D14/(PI()*'Vendor Register'!$E$4^2/4)),"") -> 282 | F14: =IFERROR(INT(0.2*$D14/(PI()*'Vendor Register'!$E$5^2/4)),"") -> 207 | G14: =IFERROR(INT(0.2*$D14/(PI()*'Vendor Register'!$E$6^2/4)),"") -> 151 | H14: =IFERROR(INT(0.2*$D14/(PI()*'Vendor Register'!$E$7^2/4)),"") -> 106 | I14: =IF(MAX(E14:H14)>30,"DERATING CHECK >30 CCC","<=30 CCC SCREEN") -> DERATING CHECK >30 CCC | J14: =IF(I14="DERATING CHECK >30 CCC","DERATING / grouping check required","Screening only; confirm dimensions and apply 0.8W check below") -> DERATING / grouping check required | O14: =A14 -> 200 x 200 mm | P14: =B14 -> 200 | Q14: =C14 -> 200 | R14: =D14 -> 40000 | S14: =IFERROR($E14*PI()*'Vendor Register'!$E$4^2/4/$D14,"") -> 0.19933405 | T14: =IFERROR($F14*PI()*'Vendor Register'!$E$5^2/4/$D14,"") -> 0.19915734 | U14: =IFERROR($G14*PI()*'Vendor Register'!$E$6^2/4/$D14,"") -> 0.1993584 | V14: =IFERROR($H14*PI()*'Vendor Register'!$E$7^2/4/$D14,"") -> 0.19988854 | W14: =I14 -> DERATING CHECK >30 CCC | X14: =J14 -> DERATING / grouping check required
A16: Fill ขนาดราง / ขนาดสาย / จำนวนสาย
A17: PV Wireway detail | area fill and additional 0.8W width condition
A18: Each row can be changed for a project scenario. Area fill = Qty × πOD²/4 ÷ (W×H). Width utilization = Qty × OD ÷ W. Combined result requires both limits.
A19: Scenario | B19: W int. (mm) | C19: H int. (mm) | D19: Cable size (mm²) | E19: OD linked (mm) | F19: Qty input | G19: ΣD cable (mm) | H19: 0.8W limit (mm) | I19: Width utilization % | J19: Area fill % | K19: 20% fill result | L19: Combined result | M19: CCC checkpoint
A20: PV-WW-001 | B20: 300 | C20: 100 | D20: 6 | E20: =IF(D20=4,'Vendor Register'!$E$4,IF(D20=6,'Vendor Register'!$E$5,IF(D20=10,'Vendor Register'!$E$6,IF(D20=16,'Vendor Register'!$E$7,"")))) -> 7 | F20: 50 | G20: =IF(OR(E20="",F20=""),"",E20*F20) -> 350 | H20: =IF(B20="","",0.8*B20) -> 240 | I20: =IFERROR(G20/B20,"") -> 1.1666667 | J20: =IFERROR(F20*PI()*E20^2/4/(B20*C20),"") -> 0.06414085 | K20: =IF(J20="","",IF(J20<=0.2,"PASS","FAIL")) -> PASS | L20: =IF(AND(I20<=0.8,J20<=0.2),"PASS","CHECK") -> CHECK | M20: =IF(F20>30,"DERATING CHECK >30 CCC","<=30 CCC SCREEN") -> DERATING CHECK >30 CCC
A21: PV-WW-002 | B21: 300 | C21: 100 | D21: 6 | E21: =IF(D21=4,'Vendor Register'!$E$4,IF(D21=6,'Vendor Register'!$E$5,IF(D21=10,'Vendor Register'!$E$6,IF(D21=16,'Vendor Register'!$E$7,"")))) -> 7 | F21: 100 | G21: =IF(OR(E21="",F21=""),"",E21*F21) -> 700 | H21: =IF(B21="","",0.8*B21) -> 240 | I21: =IFERROR(G21/B21,"") -> 2.3333333 | J21: =IFERROR(F21*PI()*E21^2/4/(B21*C21),"") -> 0.1282817 | K21: =IF(J21="","",IF(J21<=0.2,"PASS","FAIL")) -> PASS | L21: =IF(AND(I21<=0.8,J21<=0.2),"PASS","CHECK") -> CHECK | M21: =IF(F21>30,"DERATING CHECK >30 CCC","<=30 CCC SCREEN") -> DERATING CHECK >30 CCC
A22: PV-WW-003 | B22: 600 | C22: 100 | D22: 6 | E22: =IF(D22=4,'Vendor Register'!$E$4,IF(D22=6,'Vendor Register'!$E$5,IF(D22=10,'Vendor Register'!$E$6,IF(D22=16,'Vendor Register'!$E$7,"")))) -> 7 | F22: 130 | G22: =IF(OR(E22="",F22=""),"",E22*F22) -> 910 | H22: =IF(B22="","",0.8*B22) -> 480 | I22: =IFERROR(G22/B22,"") -> 1.5166667 | J22: =IFERROR(F22*PI()*E22^2/4/(B22*C22),"") -> 0.083383105 | K22: =IF(J22="","",IF(J22<=0.2,"PASS","FAIL")) -> PASS | L22: =IF(AND(I22<=0.8,J22<=0.2),"PASS","CHECK") -> CHECK | M22: =IF(F22>30,"DERATING CHECK >30 CCC","<=30 CCC SCREEN") -> DERATING CHECK >30 CCC
A23: PV-WW-004 | B23: 100 | C23: 100 | D23: 16 | E23: =IF(D23=4,'Vendor Register'!$E$4,IF(D23=6,'Vendor Register'!$E$5,IF(D23=10,'Vendor Register'!$E$6,IF(D23=16,'Vendor Register'!$E$7,"")))) -> 9.8 | F23: 6 | G23: =IF(OR(E23="",F23=""),"",E23*F23) -> 58.8 | H23: =IF(B23="","",0.8*B23) -> 80 | I23: =IFERROR(G23/B23,"") -> 0.588 | J23: =IFERROR(F23*PI()*E23^2/4/(B23*C23),"") -> 0.045257784 | K23: =IF(J23="","",IF(J23<=0.2,"PASS","FAIL")) -> PASS | L23: =IF(AND(I23<=0.8,J23<=0.2),"PASS","CHECK") -> PASS | M23: =IF(F23>30,"DERATING CHECK >30 CCC","<=30 CCC SCREEN") -> <=30 CCC SCREEN
A24: PV-WW-005 | B24: 150 | C24: 100 | D24: 16 | E24: =IF(D24=4,'Vendor Register'!$E$4,IF(D24=6,'Vendor Register'!$E$5,IF(D24=10,'Vendor Register'!$E$6,IF(D24=16,'Vendor Register'!$E$7,"")))) -> 9.8 | F24: 50 | G24: =IF(OR(E24="",F24=""),"",E24*F24) -> 490 | H24: =IF(B24="","",0.8*B24) -> 120 | I24: =IFERROR(G24/B24,"") -> 3.2666667 | J24: =IFERROR(F24*PI()*E24^2/4/(B24*C24),"") -> 0.25143213 | K24: =IF(J24="","",IF(J24<=0.2,"PASS","FAIL")) -> FAIL | L24: =IF(AND(I24<=0.8,J24<=0.2),"PASS","CHECK") -> CHECK | M24: =IF(F24>30,"DERATING CHECK >30 CCC","<=30 CCC SCREEN") -> DERATING CHECK >30 CCC
A26: กำหนดจากขนาดราง Wireway และดู MAX
A27: Wireway | PV Cable Linked OD, 20% Area Fill and 0.8W Width Screen | B27: Wireway | PV Cable Linked OD, 20% Area Fill and 0.8W Width Screen | C27: Wireway | PV Cable Linked OD, 20% Area Fill and 0.8W Width Screen | D27: Wireway | PV Cable Linked OD, 20% Area Fill and 0.8W Width Screen | E27: Wireway | PV Cable Linked OD, 20% Area Fill and 0.8W Width Screen | F27: Wireway | PV Cable Linked OD, 20% Area Fill and 0.8W Width Screen | G27: Wireway | PV Cable Linked OD, 20% Area Fill and 0.8W Width Screen | H27: Wireway | PV Cable Linked OD, 20% Area Fill and 0.8W Width Screen | I27: Wireway | PV Cable Linked OD, 20% Area Fill and 0.8W Width Screen | J27: Wireway | PV Cable Linked OD, 20% Area Fill and 0.8W Width Screen
A28: Yellow cells are project dimensions and selected quantity. OD is linked to Vendor Register. PASS requires both wireway fill ≤20% and the additional width screen ΣD_cable ≤0.8W; CCC/grouping and thermal checks remain separate. | B28: Yellow cells are project dimensions and selected quantity. OD is linked to Vendor Register. PASS requires both wireway fill ≤20% and the additional width screen ΣD_cable ≤0.8W; CCC/grouping and thermal checks remain separate. | C28: Yellow cells are project dimensions and selected quantity. OD is linked to Vendor Register. PASS requires both wireway fill ≤20% and the additional width screen ΣD_cable ≤0.8W; CCC/grouping and thermal checks remain separate. | D28: Yellow cells are project dimensions and selected quantity. OD is linked to Vendor Register. PASS requires both wireway fill ≤20% and the additional width screen ΣD_cable ≤0.8W; CCC/grouping and thermal checks remain separate. | E28: Yellow cells are project dimensions and selected quantity. OD is linked to Vendor Register. PASS requires both wireway fill ≤20% and the additional width screen ΣD_cable ≤0.8W; CCC/grouping and thermal checks remain separate. | F28: Yellow cells are project dimensions and selected quantity. OD is linked to Vendor Register. PASS requires both wireway fill ≤20% and the additional width screen ΣD_cable ≤0.8W; CCC/grouping and thermal checks remain separate. | G28: Yellow cells are project dimensions and selected quantity. OD is linked to Vendor Register. PASS requires both wireway fill ≤20% and the additional width screen ΣD_cable ≤0.8W; CCC/grouping and thermal checks remain separate. | H28: Yellow cells are project dimensions and selected quantity. OD is linked to Vendor Register. PASS requires both wireway fill ≤20% and the additional width screen ΣD_cable ≤0.8W; CCC/grouping and thermal checks remain separate. | I28: Yellow cells are project dimensions and selected quantity. OD is linked to Vendor Register. PASS requires both wireway fill ≤20% and the additional width screen ΣD_cable ≤0.8W; CCC/grouping and thermal checks remain separate. | J28: Yellow cells are project dimensions and selected quantity. OD is linked to Vendor Register. PASS requires both wireway fill ≤20% and the additional width screen ΣD_cable ≤0.8W; CCC/grouping and thermal checks remain separate.
A29: Input | B29: Value
A30: W internal (mm) | B30: 300
A31: H internal (mm) | B31: 100
A32: Area fill limit | B32: 0.2
A33: Width factor | B33: 0.8 | C33: 0.8W
A34: Cable ID | B34: CSA (mm²) | C34: OD linked (mm) | D34: Area / cable (mm²) | E34: Max qty @20% area | F34: Max String @20% area | G34: Max qty @0.8W | H34: Max String @0.8W | I34: CCC checkpoint | J34: Selected qty | K34: Area fill % | L34: ΣD / W % | M34: Combined status
A35: PV-PD-4 | B35: 4 | C35: ='Vendor Register'!$E$4 -> 6 | D35: =PI()*C35^2/4 -> 28.274334 | E35: =INT($B$32*$B$30*$B$31/D35) -> 212 | F35: =INT(tblWirewayLinkedView[[#This Row],[Max qty @20% area]]/2) -> 106 | G35: =INT($B$33*$B$30/C35) -> 40 | H35: =INT(tblWirewayLinkedView[[#This Row],[Max qty @0.8W]]/2) -> 20 | I35: =IF(MAX(G35)>30,"DERATING CHECK >30 CCC","<=30 CCC SCREEN") -> DERATING CHECK >30 CCC | J35: 10 | K35: =IFERROR(J35*D35/($B$30*$B$31),"") -> 0.009424778 | L35: =IFERROR(J35*C35/$B$30,"") -> 0.2 | M35: =IF(AND(K35<=$B$32,L35<=$B$33),"PASS","CHECK") -> PASS
A36: PV-PD-6 | B36: 6 | C36: ='Vendor Register'!$E$5 -> 7 | D36: =PI()*C36^2/4 -> 38.48451 | E36: =INT($B$32*$B$30*$B$31/D36) -> 155 | F36: =INT(tblWirewayLinkedView[[#This Row],[Max qty @20% area]]/2) -> 77 | G36: =INT($B$33*$B$30/C36) -> 34 | H36: =INT(tblWirewayLinkedView[[#This Row],[Max qty @0.8W]]/2) -> 17 | I36: =IF(MAX(G36)>30,"DERATING CHECK >30 CCC","<=30 CCC SCREEN") -> DERATING CHECK >30 CCC | J36: 4 | K36: =IFERROR(J36*D36/($B$30*$B$31),"") -> 0.005131268 | L36: =IFERROR(J36*C36/$B$30,"") -> 0.093333333 | M36: =IF(AND(K36<=$B$32,L36<=$B$33),"PASS","CHECK") -> PASS
A37: PV-PD-10 | B37: 10 | C37: ='Vendor Register'!$E$6 -> 8.2 | D37: =PI()*C37^2/4 -> 52.810173 | E37: =INT($B$32*$B$30*$B$31/D37) -> 113 | F37: =INT(tblWirewayLinkedView[[#This Row],[Max qty @20% area]]/2) -> 56 | G37: =INT($B$33*$B$30/C37) -> 29 | H37: =INT(tblWirewayLinkedView[[#This Row],[Max qty @0.8W]]/2) -> 14 | I37: =IF(MAX(G37)>30,"DERATING CHECK >30 CCC","<=30 CCC SCREEN") -> <=30 CCC SCREEN | J37: 4 | K37: =IFERROR(J37*D37/($B$30*$B$31),"") -> 0.0070413563 | L37: =IFERROR(J37*C37/$B$30,"") -> 0.10933333 | M37: =IF(AND(K37<=$B$32,L37<=$B$33),"PASS","CHECK") -> PASS
A38: PV-PD-16 | B38: 16 | C38: ='Vendor Register'!$E$7 -> 9.8 | D38: =PI()*C38^2/4 -> 75.42964 | E38: =INT($B$32*$B$30*$B$31/D38) -> 79 | F38: =INT(tblWirewayLinkedView[[#This Row],[Max qty @20% area]]/2) -> 39 | G38: =INT($B$33*$B$30/C38) -> 24 | H38: =INT(tblWirewayLinkedView[[#This Row],[Max qty @0.8W]]/2) -> 12 | I38: =IF(MAX(G38)>30,"DERATING CHECK >30 CCC","<=30 CCC SCREEN") -> <=30 CCC SCREEN | J38: 2 | K38: =IFERROR(J38*D38/($B$30*$B$31),"") -> 0.0050286426 | L38: =IFERROR(J38*C38/$B$30,"") -> 0.065333333 | M38: =IF(AND(K38<=$B$32,L38<=$B$33),"PASS","CHECK") -> PASS
A39: Wireway selection summary | lower-table inputs screened with ΣD cable ≤ 0.8W and 20% area fill
A40: This table uses the selected Qty in J35:J38, linked OD in C35:C38 and area/cable in D35:D38. It evaluates the mixed cable total against each candidate W×H size.
A41: Wireway size | B41: W int. (mm) | C41: H int. (mm) | D41: Total selected Qty | E41: Total ΣD cable (mm) | F41: 0.8W limit (mm) | G41: 0.8W utilization % | H41: Total cable area (mm²) | I41: Area fill % | J41: 0.8W result | K41: 20% fill result | L41: Combined result | M41: Recommendation
A42: =A6 -> 50 x 50 mm | B42: =B6 -> 50 | C42: =C6 -> 50 | D42: =SUM($J$35:$J$38) -> 20 | E42: =$C$35*$J$35+$C$36*$J$36+$C$37*$J$37+$C$38*$J$38 -> 140.4 | F42: =$B$33*B42 -> 40 | G42: =IFERROR(E42/F42,"") -> 3.51 | H42: =$D$35*$J$35+$D$36*$J$36+$D$37*$J$37+$D$38*$J$38 -> 798.78135 | I42: =IFERROR(H42/(B42*C42),"") -> 0.31951254 | J42: =IF(G42<=1,"PASS","FAIL") -> FAIL | K42: =IF(I42<=$B$32,"PASS","FAIL") -> FAIL | L42: =IF(AND(J42="PASS",K42="PASS"),"PASS","CHECK") -> CHECK | M42: =IF(L42="PASS","USE","Increase W / split route") -> Increase W / split route
A43: =A7 -> 75 x 75 mm | B43: =B7 -> 75 | C43: =C7 -> 75 | D43: =SUM($J$35:$J$38) -> 20 | E43: =$C$35*$J$35+$C$36*$J$36+$C$37*$J$37+$C$38*$J$38 -> 140.4 | F43: =$B$33*B43 -> 60 | G43: =IFERROR(E43/F43,"") -> 2.34 | H43: =$D$35*$J$35+$D$36*$J$36+$D$37*$J$37+$D$38*$J$38 -> 798.78135 | I43: =IFERROR(H43/(B43*C43),"") -> 0.14200557 | J43: =IF(G43<=1,"PASS","FAIL") -> FAIL | K43: =IF(I43<=$B$32,"PASS","FAIL") -> PASS | L43: =IF(AND(J43="PASS",K43="PASS"),"PASS","CHECK") -> CHECK | M43: =IF(L43="PASS","USE","Increase W / split route") -> Increase W / split route
A44: =A8 -> 100 x 50 mm | B44: =B8 -> 100 | C44: =C8 -> 50 | D44: =SUM($J$35:$J$38) -> 20 | E44: =$C$35*$J$35+$C$36*$J$36+$C$37*$J$37+$C$38*$J$38 -> 140.4 | F44: =$B$33*B44 -> 80 | G44: =IFERROR(E44/F44,"") -> 1.755 | H44: =$D$35*$J$35+$D$36*$J$36+$D$37*$J$37+$D$38*$J$38 -> 798.78135 | I44: =IFERROR(H44/(B44*C44),"") -> 0.15975627 | J44: =IF(G44<=1,"PASS","FAIL") -> FAIL | K44: =IF(I44<=$B$32,"PASS","FAIL") -> PASS | L44: =IF(AND(J44="PASS",K44="PASS"),"PASS","CHECK") -> CHECK | M44: =IF(L44="PASS","USE","Increase W / split route") -> Increase W / split route
A45: =A9 -> 100 x 100 mm | B45: =B9 -> 100 | C45: =C9 -> 100 | D45: =SUM($J$35:$J$38) -> 20 | E45: =$C$35*$J$35+$C$36*$J$36+$C$37*$J$37+$C$38*$J$38 -> 140.4 | F45: =$B$33*B45 -> 80 | G45: =IFERROR(E45/F45,"") -> 1.755 | H45: =$D$35*$J$35+$D$36*$J$36+$D$37*$J$37+$D$38*$J$38 -> 798.78135 | I45: =IFERROR(H45/(B45*C45),"") -> 0.079878135 | J45: =IF(G45<=1,"PASS","FAIL") -> FAIL | K45: =IF(I45<=$B$32,"PASS","FAIL") -> PASS | L45: =IF(AND(J45="PASS",K45="PASS"),"PASS","CHECK") -> CHECK | M45: =IF(L45="PASS","USE","Increase W / split route") -> Increase W / split route
A46: =A10 -> 150 x 100 mm | B46: =B10 -> 150 | C46: =C10 -> 100 | D46: =SUM($J$35:$J$38) -> 20 | E46: =$C$35*$J$35+$C$36*$J$36+$C$37*$J$37+$C$38*$J$38 -> 140.4 | F46: =$B$33*B46 -> 120 | G46: =IFERROR(E46/F46,"") -> 1.17 | H46: =$D$35*$J$35+$D$36*$J$36+$D$37*$J$37+$D$38*$J$38 -> 798.78135 | I46: =IFERROR(H46/(B46*C46),"") -> 0.05325209 | J46: =IF(G46<=1,"PASS","FAIL") -> FAIL | K46: =IF(I46<=$B$32,"PASS","FAIL") -> PASS | L46: =IF(AND(J46="PASS",K46="PASS"),"PASS","CHECK") -> CHECK | M46: =IF(L46="PASS","USE","Increase W / split route") -> Increase W / split route
A47: =A11 -> 150 x 150 mm | B47: =B11 -> 150 | C47: =C11 -> 150 | D47: =SUM($J$35:$J$38) -> 20 | E47: =$C$35*$J$35+$C$36*$J$36+$C$37*$J$37+$C$38*$J$38 -> 140.4 | F47: =$B$33*B47 -> 120 | G47: =IFERROR(E47/F47,"") -> 1.17 | H47: =$D$35*$J$35+$D$36*$J$36+$D$37*$J$37+$D$38*$J$38 -> 798.78135 | I47: =IFERROR(H47/(B47*C47),"") -> 0.035501393 | J47: =IF(G47<=1,"PASS","FAIL") -> FAIL | K47: =IF(I47<=$B$32,"PASS","FAIL") -> PASS | L47: =IF(AND(J47="PASS",K47="PASS"),"PASS","CHECK") -> CHECK | M47: =IF(L47="PASS","USE","Increase W / split route") -> Increase W / split route
A48: =A12 -> 200 x 100 mm | B48: =B12 -> 200 | C48: =C12 -> 100 | D48: =SUM($J$35:$J$38) -> 20 | E48: =$C$35*$J$35+$C$36*$J$36+$C$37*$J$37+$C$38*$J$38 -> 140.4 | F48: =$B$33*B48 -> 160 | G48: =IFERROR(E48/F48,"") -> 0.8775 | H48: =$D$35*$J$35+$D$36*$J$36+$D$37*$J$37+$D$38*$J$38 -> 798.78135 | I48: =IFERROR(H48/(B48*C48),"") -> 0.039939067 | J48: =IF(G48<=1,"PASS","FAIL") -> PASS | K48: =IF(I48<=$B$32,"PASS","FAIL") -> PASS | L48: =IF(AND(J48="PASS",K48="PASS"),"PASS","CHECK") -> PASS | M48: =IF(L48="PASS","USE","Increase W / split route") -> USE
A49: =A13 -> 200 x 150 mm | B49: =B13 -> 200 | C49: =C13 -> 150 | D49: =SUM($J$35:$J$38) -> 20 | E49: =$C$35*$J$35+$C$36*$J$36+$C$37*$J$37+$C$38*$J$38 -> 140.4 | F49: =$B$33*B49 -> 160 | G49: =IFERROR(E49/F49,"") -> 0.8775 | H49: =$D$35*$J$35+$D$36*$J$36+$D$37*$J$37+$D$38*$J$38 -> 798.78135 | I49: =IFERROR(H49/(B49*C49),"") -> 0.026626045 | J49: =IF(G49<=1,"PASS","FAIL") -> PASS | K49: =IF(I49<=$B$32,"PASS","FAIL") -> PASS | L49: =IF(AND(J49="PASS",K49="PASS"),"PASS","CHECK") -> PASS | M49: =IF(L49="PASS","USE","Increase W / split route") -> USE
A50: =A14 -> 200 x 200 mm | B50: =B14 -> 200 | C50: =C14 -> 200 | D50: =SUM($J$35:$J$38) -> 20 | E50: =$C$35*$J$35+$C$36*$J$36+$C$37*$J$37+$C$38*$J$38 -> 140.4 | F50: =$B$33*B50 -> 160 | G50: =IFERROR(E50/F50,"") -> 0.8775 | H50: =$D$35*$J$35+$D$36*$J$36+$D$37*$J$37+$D$38*$J$38 -> 798.78135 | I50: =IFERROR(H50/(B50*C50),"") -> 0.019969534 | J50: =IF(G50<=1,"PASS","FAIL") -> PASS | K50: =IF(I50<=$B$32,"PASS","FAIL") -> PASS | L50: =IF(AND(J50="PASS",K50="PASS"),"PASS","CHECK") -> PASS | M50: =IF(L50="PASS","USE","Increase W / split route") -> USE

Sheet Fill Check - EIT
A1: Physical Fill Calculator - Project Inputs Required | B1: Physical Fill Calculator - Project Inputs Required | C1: Physical Fill Calculator - Project Inputs Required | D1: Physical Fill Calculator - Project Inputs Required | E1: Physical Fill Calculator - Project Inputs Required | F1: Physical Fill Calculator - Project Inputs Required | G1: Physical Fill Calculator - Project Inputs Required | H1: Physical Fill Calculator - Project Inputs Required | I1: Physical Fill Calculator - Project Inputs Required | J1: Physical Fill Calculator - Project Inputs Required | K1: Physical Fill Calculator - Project Inputs Required | L1: Physical Fill Calculator - Project Inputs Required | M1: Physical Fill Calculator - Project Inputs Required | N1: Physical Fill Calculator - Project Inputs Required | O1: Physical Fill Calculator - Project Inputs Required | P1: Physical Fill Calculator - Project Inputs Required | Q1: Physical Fill Calculator - Project Inputs Required | R1: Physical Fill Calculator - Project Inputs Required | S1: Physical Fill Calculator - Project Inputs Required | T1: Physical Fill Calculator - Project Inputs Required | U1: Physical Fill Calculator - Project Inputs Required
A2: Rev.4: select Cable type/model from the Phelps Dodge dropdown. OD is formula-linked to IMC Max Count!E10:E13. This calculator checks area fill only; no 0.8W condition is applied. Width occupied is informational. | B2: Yellow cells are project/manufacturer inputs. Result stays REVIEW until selected rule, limit and confirmed usable dimension are supplied. | C2: Yellow cells are project/manufacturer inputs. Result stays REVIEW until selected rule, limit and confirmed usable dimension are supplied. | D2: Yellow cells are project/manufacturer inputs. Result stays REVIEW until selected rule, limit and confirmed usable dimension are supplied. | E2: Yellow cells are project/manufacturer inputs. Result stays REVIEW until selected rule, limit and confirmed usable dimension are supplied. | F2: Yellow cells are project/manufacturer inputs. Result stays REVIEW until selected rule, limit and confirmed usable dimension are supplied. | G2: Yellow cells are project/manufacturer inputs. Result stays REVIEW until selected rule, limit and confirmed usable dimension are supplied. | H2: Yellow cells are project/manufacturer inputs. Result stays REVIEW until selected rule, limit and confirmed usable dimension are supplied. | I2: Yellow cells are project/manufacturer inputs. Result stays REVIEW until selected rule, limit and confirmed usable dimension are supplied. | J2: Yellow cells are project/manufacturer inputs. Result stays REVIEW until selected rule, limit and confirmed usable dimension are supplied. | K2: Yellow cells are project/manufacturer inputs. Result stays REVIEW until selected rule, limit and confirmed usable dimension are supplied. | L2: Yellow cells are project/manufacturer inputs. Result stays REVIEW until selected rule, limit and confirmed usable dimension are supplied. | M2: Yellow cells are project/manufacturer inputs. Result stays REVIEW until selected rule, limit and confirmed usable dimension are supplied. | N2: Yellow cells are project/manufacturer inputs. Result stays REVIEW until selected rule, limit and confirmed usable dimension are supplied. | O2: Yellow cells are project/manufacturer inputs. Result stays REVIEW until selected rule, limit and confirmed usable dimension are supplied. | P2: Yellow cells are project/manufacturer inputs. Result stays REVIEW until selected rule, limit and confirmed usable dimension are supplied. | Q2: Yellow cells are project/manufacturer inputs. Result stays REVIEW until selected rule, limit and confirmed usable dimension are supplied. | R2: Yellow cells are project/manufacturer inputs. Result stays REVIEW until selected rule, limit and confirmed usable dimension are supplied. | S2: Yellow cells are project/manufacturer inputs. Result stays REVIEW until selected rule, limit and confirmed usable dimension are supplied. | T2: Yellow cells are project/manufacturer inputs. Result stays REVIEW until selected rule, limit and confirmed usable dimension are supplied. | U2: Yellow cells are project/manufacturer inputs. Result stays REVIEW until selected rule, limit and confirmed usable dimension are supplied.
E3: Cable type/model (Phelps Dodge dropdown) | F3: Cable OD from IMC (mm) | K3: Rule type (Area only) | Q3: Width occupied (mm) — information | R3: Width occupancy — information
A4: Circuit ID | B4: Containment type | C4: Brand | D4: Model | E4: Cable type/model | F4: Cable OD (mm) | G4: No. cables | H4: Arrangement | I4: Confirmed ID / usable width (mm) | J4: Confirmed usable depth (mm) | K4: Rule type | L4: Allowed fill / occupancy | M4: Rule source | N4: A_used (mm2) | O4: A_internal (mm2) | P4: Physical fill % | Q4: Width occupied (mm) | R4: Width occupancy % | S4: Thermal check status | T4: Result | U4: Remark
A5: CIR-EX-001 | B5: Wireway | C5: Phelps Dodge | D5: WW-100x100 | E5: Phelps Dodge H1Z2Z2-K 4 mm² | F5: =IFERROR(VLOOKUP(E5,'1.IMC Max Count'!$B$10:$E$13,4,FALSE),"") -> 6 | G5: 40 | H5: area fill screening | I5: 100 | J5: 100 | K5: Area | L5: 0.2 | M5: WST 022001-22 cl.5.12 / EIT-WW-01 | N5: =IF(OR(F5="",G5=""),"",PI()*F5^2/4*G5) -> 1130.9734 | O5: =IF(I5="","",IF(B5="Conduit",PI()*I5^2/4,I5*IF(J5="",1,J5))) -> 10000 | P5: =IF(OR(N5="",O5=""),"",N5/O5) -> 0.11309734 | Q5: =IF(OR(F5="",G5=""),"",F5*G5) -> 240 | R5: =IF(OR(Q5="",I5=""),"",Q5/I5) -> 2.4 | S5: PASS | T5: =IF(OR(K5="",L5="",M5=""),"REVIEW",IF(P5>L5,"FAIL",IF(S5="PASS","PASS","PHYSICAL PASS / THERMAL OPEN"))) -> PASS | U5: Example 1: 4 mm², 40 cables; area-only
A6: CIR-EX-002 | B6: Wireway | C6: Phelps Dodge | D6: WW-200x100 | E6: Phelps Dodge H1Z2Z2-K 6 mm² | F6: =IFERROR(VLOOKUP(E6,'1.IMC Max Count'!$B$10:$E$13,4,FALSE),"") -> 7 | G6: 55 | H6: area fill screening | I6: 200 | J6: 100 | K6: Area | L6: 0.2 | M6: WST 022001-22 cl.5.12 / EIT-WW-01 | N6: =IF(OR(F6="",G6=""),"",PI()*F6^2/4*G6) -> 2116.6481 | O6: =IF(I6="","",IF(B6="Conduit",PI()*I6^2/4,I6*IF(J6="",1,J6))) -> 20000 | P6: =IF(OR(N6="",O6=""),"",N6/O6) -> 0.1058324 | Q6: =IF(OR(F6="",G6=""),"",F6*G6) -> 385 | R6: =IF(OR(Q6="",I6=""),"",Q6/I6) -> 1.925 | S6: PASS | T6: =IF(OR(K6="",L6="",M6=""),"REVIEW",IF(P6>L6,"FAIL",IF(S6="PASS","PASS","PHYSICAL PASS / THERMAL OPEN"))) -> PASS | U6: Example 2: 6 mm², 55 cables; area-only
A7: CIR-EX-003 | B7: Wireway | C7: Phelps Dodge | D7: WW-100x100 | E7: Phelps Dodge H1Z2Z2-K 10 mm² | F7: =IFERROR(VLOOKUP(E7,'1.IMC Max Count'!$B$10:$E$13,4,FALSE),"") -> 8.2 | G7: 40 | H7: area fill screening | I7: 100 | J7: 100 | K7: Area | L7: 0.2 | M7: WST 022001-22 cl.5.12 / EIT-WW-01 | N7: =IF(OR(F7="",G7=""),"",PI()*F7^2/4*G7) -> 2112.4069 | O7: =IF(I7="","",IF(B7="Conduit",PI()*I7^2/4,I7*IF(J7="",1,J7))) -> 10000 | P7: =IF(OR(N7="",O7=""),"",N7/O7) -> 0.21124069 | Q7: =IF(OR(F7="",G7=""),"",F7*G7) -> 328 | R7: =IF(OR(Q7="",I7=""),"",Q7/I7) -> 3.28 | S7: PASS | T7: =IF(OR(K7="",L7="",M7=""),"REVIEW",IF(P7>L7,"FAIL",IF(S7="PASS","PASS","PHYSICAL PASS / THERMAL OPEN"))) -> FAIL | U7: Example 3: 10 mm², 40 cables intentionally above 20%
A8: CIR-004 | F8: =IFERROR(VLOOKUP(E8,'1.IMC Max Count'!$B$10:$E$13,4,FALSE),"") | K8: Area | L8: 0.2 | N8: =IF(OR(F8="",G8=""),"",PI()*F8^2/4*G8) | O8: =IF(I8="","",IF(B8="Conduit",PI()*I8^2/4,I8*IF(J8="",1,J8))) | P8: =IF(OR(N8="",O8=""),"",N8/O8) | Q8: =IF(OR(F8="",G8=""),"",F8*G8) | R8: =IF(OR(Q8="",I8=""),"",Q8/I8) | S8: OPEN | T8: =IF(OR(K8="",L8="",M8=""),"REVIEW",IF(P8>L8,"FAIL",IF(S8="PASS","PASS","PHYSICAL PASS / THERMAL OPEN"))) -> REVIEW
A9: CIR-005 | F9: =IFERROR(VLOOKUP(E9,'1.IMC Max Count'!$B$10:$E$13,4,FALSE),"") | K9: Area | L9: 0.2 | N9: =IF(OR(F9="",G9=""),"",PI()*F9^2/4*G9) | O9: =IF(I9="","",IF(B9="Conduit",PI()*I9^2/4,I9*IF(J9="",1,J9))) | P9: =IF(OR(N9="",O9=""),"",N9/O9) | Q9: =IF(OR(F9="",G9=""),"",F9*G9) | R9: =IF(OR(Q9="",I9=""),"",Q9/I9) | S9: OPEN | T9: =IF(OR(K9="",L9="",M9=""),"REVIEW",IF(P9>L9,"FAIL",IF(S9="PASS","PASS","PHYSICAL PASS / THERMAL OPEN"))) -> REVIEW
A10: CIR-006 | F10: =IFERROR(VLOOKUP(E10,'1.IMC Max Count'!$B$10:$E$13,4,FALSE),"") | K10: Area | L10: 0.2 | N10: =IF(OR(F10="",G10=""),"",PI()*F10^2/4*G10) | O10: =IF(I10="","",IF(B10="Conduit",PI()*I10^2/4,I10*IF(J10="",1,J10))) | P10: =IF(OR(N10="",O10=""),"",N10/O10) | Q10: =IF(OR(F10="",G10=""),"",F10*G10) | R10: =IF(OR(Q10="",I10=""),"",Q10/I10) | S10: OPEN | T10: =IF(OR(K10="",L10="",M10=""),"REVIEW",IF(P10>L10,"FAIL",IF(S10="PASS","PASS","PHYSICAL PASS / THERMAL OPEN"))) -> REVIEW
A11: CIR-007 | F11: =IFERROR(VLOOKUP(E11,'1.IMC Max Count'!$B$10:$E$13,4,FALSE),"") | K11: Area | L11: 0.2 | N11: =IF(OR(F11="",G11=""),"",PI()*F11^2/4*G11) | O11: =IF(I11="","",IF(B11="Conduit",PI()*I11^2/4,I11*IF(J11="",1,J11))) | P11: =IF(OR(N11="",O11=""),"",N11/O11) | Q11: =IF(OR(F11="",G11=""),"",F11*G11) | R11: =IF(OR(Q11="",I11=""),"",Q11/I11) | S11: OPEN | T11: =IF(OR(K11="",L11="",M11=""),"REVIEW",IF(P11>L11,"FAIL",IF(S11="PASS","PASS","PHYSICAL PASS / THERMAL OPEN"))) -> REVIEW
A12: CIR-008 | F12: =IFERROR(VLOOKUP(E12,'1.IMC Max Count'!$B$10:$E$13,4,FALSE),"") | K12: Area | L12: 0.2 | N12: =IF(OR(F12="",G12=""),"",PI()*F12^2/4*G12) | O12: =IF(I12="","",IF(B12="Conduit",PI()*I12^2/4,I12*IF(J12="",1,J12))) | P12: =IF(OR(N12="",O12=""),"",N12/O12) | Q12: =IF(OR(F12="",G12=""),"",F12*G12) | R12: =IF(OR(Q12="",I12=""),"",Q12/I12) | S12: OPEN | T12: =IF(OR(K12="",L12="",M12=""),"REVIEW",IF(P12>L12,"FAIL",IF(S12="PASS","PASS","PHYSICAL PASS / THERMAL OPEN"))) -> REVIEW
A13: CIR-009 | F13: =IFERROR(VLOOKUP(E13,'1.IMC Max Count'!$B$10:$E$13,4,FALSE),"") | K13: Area | L13: 0.2 | N13: =IF(OR(F13="",G13=""),"",PI()*F13^2/4*G13) | O13: =IF(I13="","",IF(B13="Conduit",PI()*I13^2/4,I13*IF(J13="",1,J13))) | P13: =IF(OR(N13="",O13=""),"",N13/O13) | Q13: =IF(OR(F13="",G13=""),"",F13*G13) | R13: =IF(OR(Q13="",I13=""),"",Q13/I13) | S13: OPEN | T13: =IF(OR(K13="",L13="",M13=""),"REVIEW",IF(P13>L13,"FAIL",IF(S13="PASS","PASS","PHYSICAL PASS / THERMAL OPEN"))) -> REVIEW
A14: CIR-010 | F14: =IFERROR(VLOOKUP(E14,'1.IMC Max Count'!$B$10:$E$13,4,FALSE),"") | K14: Area | L14: 0.2 | N14: =IF(OR(F14="",G14=""),"",PI()*F14^2/4*G14) | O14: =IF(I14="","",IF(B14="Conduit",PI()*I14^2/4,I14*IF(J14="",1,J14))) | P14: =IF(OR(N14="",O14=""),"",N14/O14) | Q14: =IF(OR(F14="",G14=""),"",F14*G14) | R14: =IF(OR(Q14="",I14=""),"",Q14/I14) | S14: OPEN | T14: =IF(OR(K14="",L14="",M14=""),"REVIEW",IF(P14>L14,"FAIL",IF(S14="PASS","PASS","PHYSICAL PASS / THERMAL OPEN"))) -> REVIEW
A15: CIR-011 | F15: =IFERROR(VLOOKUP(E15,'1.IMC Max Count'!$B$10:$E$13,4,FALSE),"") | K15: Area | L15: 0.2 | N15: =IF(OR(F15="",G15=""),"",PI()*F15^2/4*G15) | O15: =IF(I15="","",IF(B15="Conduit",PI()*I15^2/4,I15*IF(J15="",1,J15))) | P15: =IF(OR(N15="",O15=""),"",N15/O15) | Q15: =IF(OR(F15="",G15=""),"",F15*G15) | R15: =IF(OR(Q15="",I15=""),"",Q15/I15) | S15: OPEN | T15: =IF(OR(K15="",L15="",M15=""),"REVIEW",IF(P15>L15,"FAIL",IF(S15="PASS","PASS","PHYSICAL PASS / THERMAL OPEN"))) -> REVIEW
A16: CIR-012 | F16: =IFERROR(VLOOKUP(E16,'1.IMC Max Count'!$B$10:$E$13,4,FALSE),"") | K16: Area | L16: 0.2 | N16: =IF(OR(F16="",G16=""),"",PI()*F16^2/4*G16) | O16: =IF(I16="","",IF(B16="Conduit",PI()*I16^2/4,I16*IF(J16="",1,J16))) | P16: =IF(OR(N16="",O16=""),"",N16/O16) | Q16: =IF(OR(F16="",G16=""),"",F16*G16) | R16: =IF(OR(Q16="",I16=""),"",Q16/I16) | S16: OPEN | T16: =IF(OR(K16="",L16="",M16=""),"REVIEW",IF(P16>L16,"FAIL",IF(S16="PASS","PASS","PHYSICAL PASS / THERMAL OPEN"))) -> REVIEW
A17: CIR-013 | F17: =IFERROR(VLOOKUP(E17,'1.IMC Max Count'!$B$10:$E$13,4,FALSE),"") | K17: Area | L17: 0.2 | N17: =IF(OR(F17="",G17=""),"",PI()*F17^2/4*G17) | O17: =IF(I17="","",IF(B17="Conduit",PI()*I17^2/4,I17*IF(J17="",1,J17))) | P17: =IF(OR(N17="",O17=""),"",N17/O17) | Q17: =IF(OR(F17="",G17=""),"",F17*G17) | R17: =IF(OR(Q17="",I17=""),"",Q17/I17) | S17: OPEN | T17: =IF(OR(K17="",L17="",M17=""),"REVIEW",IF(P17>L17,"FAIL",IF(S17="PASS","PASS","PHYSICAL PASS / THERMAL OPEN"))) -> REVIEW
A18: CIR-014 | F18: =IFERROR(VLOOKUP(E18,'1.IMC Max Count'!$B$10:$E$13,4,FALSE),"") | K18: Area | L18: 0.2 | N18: =IF(OR(F18="",G18=""),"",PI()*F18^2/4*G18) | O18: =IF(I18="","",IF(B18="Conduit",PI()*I18^2/4,I18*IF(J18="",1,J18))) | P18: =IF(OR(N18="",O18=""),"",N18/O18) | Q18: =IF(OR(F18="",G18=""),"",F18*G18) | R18: =IF(OR(Q18="",I18=""),"",Q18/I18) | S18: OPEN | T18: =IF(OR(K18="",L18="",M18=""),"REVIEW",IF(P18>L18,"FAIL",IF(S18="PASS","PASS","PHYSICAL PASS / THERMAL OPEN"))) -> REVIEW
A19: CIR-015 | F19: =IFERROR(VLOOKUP(E19,'1.IMC Max Count'!$B$10:$E$13,4,FALSE),"") | K19: Area | L19: 0.2 | N19: =IF(OR(F19="",G19=""),"",PI()*F19^2/4*G19) | O19: =IF(I19="","",IF(B19="Conduit",PI()*I19^2/4,I19*IF(J19="",1,J19))) | P19: =IF(OR(N19="",O19=""),"",N19/O19) | Q19: =IF(OR(F19="",G19=""),"",F19*G19) | R19: =IF(OR(Q19="",I19=""),"",Q19/I19) | S19: OPEN | T19: =IF(OR(K19="",L19="",M19=""),"REVIEW",IF(P19>L19,"FAIL",IF(S19="PASS","PASS","PHYSICAL PASS / THERMAL OPEN"))) -> REVIEW
... A24: CIR-020 | F24: =IFERROR(VLOOKUP(E24,'1.IMC Max Count'!$B$10:$E$13,4,FALSE),"") | K24: Area | L24: 0.2 | N24: =IF(OR(F24="",G24=""),"",PI()*F24^2/4*G24) | O24: =IF(I24="","",IF(B24="Conduit",PI()*I24^2/4,I24*IF(J24="",1,J24))) | P24: =IF(OR(N24="",O24=""),"",N24/O24) | Q24: =IF(OR(F24="",G24=""),"",F24*G24) | R24: =IF(OR(Q24="",I24=""),"",Q24/I24) | S24: OPEN | T24: =IF(OR(K24="",L24="",M24=""),"REVIEW",IF(P24>L24,"FAIL",IF(S24="PASS","PASS","PHYSICAL PASS / THERMAL OPEN"))) -> REVIEW

Sheet Source Register
A1: Source Register and Review Status | B1: Source Register and Review Status | C1: Source Register and Review Status | D1: Source Register and Review Status | E1: Source Register and Review Status | F1: Source Register and Review Status | G1: Source Register and Review Status | H1: Source Register and Review Status
A3: Source ID | B3: Manufacturer | C3: Document | D3: Local file | E3: Official URL | F3: Pages used | G3: SHA-256 | H3: Status / limitation
A4: SRC-EIT-001 | B4: EIT | C4: Electrical Installation Standard Thailand 2564 - official sample/TOC | D4: Standards/EIT_022001-22_2564_Official_Sample_TOC.pdf | E4: https://eit.or.th/api/public/file/book/66 | F4: TOC: 5.12 wireways; 5.15 cable trays | G4: F97BBF385AD3F264C8D9A710B143960531EE626CD44A821E4AA2D932B7355B90 | H4: Confirms edition and clause locations; use licensed full standard for final design.
A5: SRC-CAB-001 | B5: Bangkok Cable | C5: Electrical Design & Installation Guide, Revised Third Edition | D5: Datasheet/Bangkok_Cable_Electrical_Design_Installation_Guide.pdf | E5: https://www.bangkokcable.com/ | F5: PDF 149-150, 240-242, 383-387, 431 | G5: 407AA9AAC9CC7F130B1F0DEDDB010561769EEEF85413FE22C4339D61A46960FC | H5: EIT-based conduit fill, tray eligibility/arrangement and screening width rule.
A6: SRC-CON-001 | B6: Panasonic SPT (Thailand) | C6: White Conduit & Conduit Fittings catalogue | D6: Datasheet/Panasonic_White_Conduit_Catalogue.pdf | E6: https://lssth.panasonic.com/download/ecm/conduit_pipe/pdf/White-Conduit.pdf | F6: PDF 5 | G6: EAC580225D7CF090AAB84AB2FDFDEDE2E1095BD0BCA6678925D9743EB127D219 | H6: OD/min wall only; calculated internal ID is screening, not certified actual ID.
A7: SRC-LAD-001 | B7: KJL | C7: KJL Catalogue 2022-2023 - KLSG Cable Ladder | D7: Datasheet/KJL_Catalogue_Cable_Ladder.pdf | E7: https://kjl.co.th/product/cable-systems/cable-ladder/ | F7: PDF 122-125 | G7: 4EF6DB535BF779196E858254D88F2AEAAC4AE80104E1FEDEC043ACE24991DD07 | H7: Nominal width used; confirm usable width, supports and current shop drawing.
A8: SRC-PV-001 | B8: Prysmian | C8: PRYSUN H1Z2Z2-K datasheet | D8: Datasheet/Vendor_Reference/Prysmian_PRYSUN_H1Z2Z2-K_Datasheet.pdf | E8: https://www.prysmian.com/ | F8: PDF 2-3 | G8: 23787892DE273577BE7AB3209300C689481AB5D273E160B0511DF07CB26DFE37 | H8: Maximum OD used for 1C 4/6 mm² PV physical screening.
A9: SRC-AC-001 | B9: Phelps Dodge | C9: Low Voltage Power and Control Cables - CV family | D9: Datasheet/Vendor_Reference/Phelps_Dodge_LV_Power_Control_Cables.pdf | E9: https://www.pdcable.com/product/cv-fd-1/ | F9: PDF 11, 14, 17, 20 | G9: 01507A7209398B3D4347302A933F8CCBCB1CACC25253D96D9615992923E4338C | H9: Approximate CV OD used as reference; exact CV-FD code/revision OD mandatory.
