Workbook

Sheet Input
A1: PV-DC Cable Tray Sizing Calculator
A2: แก้ไขเฉพาะช่องสีเหลือง: ค่า OD ต้องใช้จาก Datasheet ผู้ผลิตสายจริง ผลลัพธ์เป็นความจุทางกายภาพของราง ไม่ใช่การยืนยัน Ampacity
A4: Cable Size (mm²) | B4: Cable OD (mm) | C4: Cable Area (mm²) | D4: หมายเหตุ | F4: Design Parameter | G4: Value
A5: 4 | B5: 6 | C5: =PI()*B5^2/4 -> 28.274334 | D5: ค่าเริ่มต้นสมมติ — แก้ตาม Datasheet | F5: Maximum tray fill | G5: 0.2
A6: 6 | B6: 7 | C6: =PI()*B6^2/4 -> 38.48451 | D6: ค่าเริ่มต้นสมมติ — แก้ตาม Datasheet | F6: Usable tray width | G6: 0.8
A7: 10 | B7: 8 | C7: =PI()*B7^2/4 -> 50.265482 | D7: ค่าเริ่มต้นสมมติ — แก้ตาม Datasheet | F7: Conductors per string | G7: 2
F8: Reserve / expansion | G8: 0
A10: หลักการคำนวณ
A11: 1 | B11: Area limit | C11: พื้นที่สายรวม ≤ พื้นที่ภายในราง × Maximum tray fill
A12: 2 | B12: Width limit | C12: ผลรวม OD ของสายชั้นเดียว ≤ ความกว้างราง × Usable tray width
A13: 3 | B13: Maximum conductors | C13: ใช้ค่าต่ำสุดระหว่าง Area limit และ Width limit และปัดลงเป็นเลขคู่
A14: 4 | B14: Maximum strings | C14: Maximum conductors ÷ 2 (PV+ และ PV− ต่อ 1 String)
A15: 5 | B15: Engineering check | C15: ต้องตรวจ Grouping, Ambient/Rooftop temperature, Tray cover และ Ampacity แยกต่างหาก
A16: 6 | B16: Tray dimensions | C16: ใช้ขนาดภายในจริง หากผู้ผลิตระบุ Internal Dimension ต่างจาก Nominal Size

Sheet Cable Tray Selection
A1: ตารางเลือก Cable Tray สำหรับสาย PV-DC 4, 6 และ 10 mm²
H3: 20% Fill | I3: 0.8W | J3: Select min.
A4: No. | B4: Tray Type | C4: Width (mm) | D4: Height (mm) | E4: Tray Area (mm²) | F4: Allowable Area (mm²) | G4: 4 mm² OD | H4: 4 mm² Area Limit | I4: 4 mm² Width Limit | J4: 4 mm² Max Cables | K4: 4 mm² Max Strings | L4: 6 mm² OD | M4: 6 mm² Area Limit | N4: 6 mm² Width Limit | O4: 6 mm² Max Cables | P4: 6 mm² Max Strings | Q4: 10 mm² OD | R4: 10 mm² Area Limit | S4: 10 mm² Width Limit | T4: 10 mm² Max Cables | U4: 10 mm² Max Strings | V4: Recommended Selection Check | W4: Remark
A5: 1 | B5: Cable Tray with cover | C5: 50 | D5: 50 | E5: =C5*D5 -> 2500 | F5: =E5*Input!$G$5*(1-Input!$G$8) -> 500 | G5: =Input!$B$5 -> 6 | H5: =INT(F5/Input!$C$5) -> 17 | I5: =INT(C5*Input!$G$6*(1-Input!$G$8)/G5) -> 6 | J5: =2*INT(MIN(H5,I5)/2) -> 6 | K5: =INT(J5/Input!$G$7) -> 3 | L5: =Input!$B$6 -> 7 | M5: =INT(F5/Input!$C$6) -> 12 | N5: =INT(C5*Input!$G$6*(1-Input!$G$8)/L5) -> 5 | O5: =2*INT(MIN(M5,N5)/2) -> 4 | P5: =INT(O5/Input!$G$7) -> 2 | Q5: =Input!$B$7 -> 8 | R5: =INT(F5/Input!$C$7) -> 9 | S5: =INT(C5*Input!$G$6*(1-Input!$G$8)/Q5) -> 5 | T5: =2*INT(MIN(R5,S5)/2) -> 4 | U5: =INT(T5/Input!$G$7) -> 2 | V5: =IF(AND(J5>=2,O5>=2,T5>=2),"Usable — verify derating","Not recommended") -> Usable — verify derating | W5: Max cables = physical tray capacity; verify ampacity separately
A6: 2 | B6: Basket Tray with cover | C6: 50 | D6: 50 | E6: =C6*D6 -> 2500 | F6: =E6*Input!$G$5*(1-Input!$G$8) -> 500 | G6: =Input!$B$5 -> 6 | H6: =INT(F6/Input!$C$5) -> 17 | I6: =INT(C6*Input!$G$6*(1-Input!$G$8)/G6) -> 6 | J6: =2*INT(MIN(H6,I6)/2) -> 6 | K6: =INT(J6/Input!$G$7) -> 3 | L6: =Input!$B$6 -> 7 | M6: =INT(F6/Input!$C$6) -> 12 | N6: =INT(C6*Input!$G$6*(1-Input!$G$8)/L6) -> 5 | O6: =2*INT(MIN(M6,N6)/2) -> 4 | P6: =INT(O6/Input!$G$7) -> 2 | Q6: =Input!$B$7 -> 8 | R6: =INT(F6/Input!$C$7) -> 9 | S6: =INT(C6*Input!$G$6*(1-Input!$G$8)/Q6) -> 5 | T6: =2*INT(MIN(R6,S6)/2) -> 4 | U6: =INT(T6/Input!$G$7) -> 2 | V6: =IF(AND(J6>=2,O6>=2,T6>=2),"Usable — verify derating","Not recommended") -> Usable — verify derating | W6: Max cables = physical tray capacity; verify ampacity separately
A7: 3 | B7: Cable Tray with cover | C7: 100 | D7: 100 | E7: =C7*D7 -> 10000 | F7: =E7*Input!$G$5*(1-Input!$G$8) -> 2000 | G7: =Input!$B$5 -> 6 | H7: =INT(F7/Input!$C$5) -> 70 | I7: =INT(C7*Input!$G$6*(1-Input!$G$8)/G7) -> 13 | J7: =2*INT(MIN(H7,I7)/2) -> 12 | K7: =INT(J7/Input!$G$7) -> 6 | L7: =Input!$B$6 -> 7 | M7: =INT(F7/Input!$C$6) -> 51 | N7: =INT(C7*Input!$G$6*(1-Input!$G$8)/L7) -> 11 | O7: =2*INT(MIN(M7,N7)/2) -> 10 | P7: =INT(O7/Input!$G$7) -> 5 | Q7: =Input!$B$7 -> 8 | R7: =INT(F7/Input!$C$7) -> 39 | S7: =INT(C7*Input!$G$6*(1-Input!$G$8)/Q7) -> 10 | T7: =2*INT(MIN(R7,S7)/2) -> 10 | U7: =INT(T7/Input!$G$7) -> 5 | V7: =IF(AND(J7>=2,O7>=2,T7>=2),"Usable — verify derating","Not recommended") -> Usable — verify derating | W7: Max cables = physical tray capacity; verify ampacity separately
A8: 4 | B8: Basket Tray with cover | C8: 150 | D8: 50 | E8: =C8*D8 -> 7500 | F8: =E8*Input!$G$5*(1-Input!$G$8) -> 1500 | G8: =Input!$B$5 -> 6 | H8: =INT(F8/Input!$C$5) -> 53 | I8: =INT(C8*Input!$G$6*(1-Input!$G$8)/G8) -> 20 | J8: =2*INT(MIN(H8,I8)/2) -> 20 | K8: =INT(J8/Input!$G$7) -> 10 | L8: =Input!$B$6 -> 7 | M8: =INT(F8/Input!$C$6) -> 38 | N8: =INT(C8*Input!$G$6*(1-Input!$G$8)/L8) -> 17 | O8: =2*INT(MIN(M8,N8)/2) -> 16 | P8: =INT(O8/Input!$G$7) -> 8 | Q8: =Input!$B$7 -> 8 | R8: =INT(F8/Input!$C$7) -> 29 | S8: =INT(C8*Input!$G$6*(1-Input!$G$8)/Q8) -> 15 | T8: =2*INT(MIN(R8,S8)/2) -> 14 | U8: =INT(T8/Input!$G$7) -> 7 | V8: =IF(AND(J8>=2,O8>=2,T8>=2),"Usable — verify derating","Not recommended") -> Usable — verify derating | W8: Max cables = physical tray capacity; verify ampacity separately
A9: 5 | B9: Cable Tray with cover | C9: 200 | D9: 100 | E9: =C9*D9 -> 20000 | F9: =E9*Input!$G$5*(1-Input!$G$8) -> 4000 | G9: =Input!$B$5 -> 6 | H9: =INT(F9/Input!$C$5) -> 141 | I9: =INT(C9*Input!$G$6*(1-Input!$G$8)/G9) -> 26 | J9: =2*INT(MIN(H9,I9)/2) -> 26 | K9: =INT(J9/Input!$G$7) -> 13 | L9: =Input!$B$6 -> 7 | M9: =INT(F9/Input!$C$6) -> 103 | N9: =INT(C9*Input!$G$6*(1-Input!$G$8)/L9) -> 22 | O9: =2*INT(MIN(M9,N9)/2) -> 22 | P9: =INT(O9/Input!$G$7) -> 11 | Q9: =Input!$B$7 -> 8 | R9: =INT(F9/Input!$C$7) -> 79 | S9: =INT(C9*Input!$G$6*(1-Input!$G$8)/Q9) -> 20 | T9: =2*INT(MIN(R9,S9)/2) -> 20 | U9: =INT(T9/Input!$G$7) -> 10 | V9: =IF(AND(J9>=2,O9>=2,T9>=2),"Usable — verify derating","Not recommended") -> Usable — verify derating | W9: Max cables = physical tray capacity; verify ampacity separately
A10: 6 | B10: Cable Tray with cover | C10: 300 | D10: 100 | E10: =C10*D10 -> 30000 | F10: =E10*Input!$G$5*(1-Input!$G$8) -> 6000 | G10: =Input!$B$5 -> 6 | H10: =INT(F10/Input!$C$5) -> 212 | I10: =INT(C10*Input!$G$6*(1-Input!$G$8)/G10) -> 40 | J10: =2*INT(MIN(H10,I10)/2) -> 40 | K10: =INT(J10/Input!$G$7) -> 20 | L10: =Input!$B$6 -> 7 | M10: =INT(F10/Input!$C$6) -> 155 | N10: =INT(C10*Input!$G$6*(1-Input!$G$8)/L10) -> 34 | O10: =2*INT(MIN(M10,N10)/2) -> 34 | P10: =INT(O10/Input!$G$7) -> 17 | Q10: =Input!$B$7 -> 8 | R10: =INT(F10/Input!$C$7) -> 119 | S10: =INT(C10*Input!$G$6*(1-Input!$G$8)/Q10) -> 30 | T10: =2*INT(MIN(R10,S10)/2) -> 30 | U10: =INT(T10/Input!$G$7) -> 15 | V10: =IF(AND(J10>=2,O10>=2,T10>=2),"Usable — verify derating","Not recommended") -> Usable — verify derating | W10: Max cables = physical tray capacity; verify ampacity separately
A11: 7 | B11: Basket Tray with cover | C11: 400 | D11: 50 | E11: =C11*D11 -> 20000 | F11: =E11*Input!$G$5*(1-Input!$G$8) -> 4000 | G11: =Input!$B$5 -> 6 | H11: =INT(F11/Input!$C$5) -> 141 | I11: =INT(C11*Input!$G$6*(1-Input!$G$8)/G11) -> 53 | J11: =2*INT(MIN(H11,I11)/2) -> 52 | K11: =INT(J11/Input!$G$7) -> 26 | L11: =Input!$B$6 -> 7 | M11: =INT(F11/Input!$C$6) -> 103 | N11: =INT(C11*Input!$G$6*(1-Input!$G$8)/L11) -> 45 | O11: =2*INT(MIN(M11,N11)/2) -> 44 | P11: =INT(O11/Input!$G$7) -> 22 | Q11: =Input!$B$7 -> 8 | R11: =INT(F11/Input!$C$7) -> 79 | S11: =INT(C11*Input!$G$6*(1-Input!$G$8)/Q11) -> 40 | T11: =2*INT(MIN(R11,S11)/2) -> 40 | U11: =INT(T11/Input!$G$7) -> 20 | V11: =IF(AND(J11>=2,O11>=2,T11>=2),"Usable — verify derating","Not recommended") -> Usable — verify derating | W11: Max cables = physical tray capacity; verify ampacity separately
A12: 8 | B12: Cable Tray with cover | C12: 400 | D12: 100 | E12: =C12*D12 -> 40000 | F12: =E12*Input!$G$5*(1-Input!$G$8) -> 8000 | G12: =Input!$B$5 -> 6 | H12: =INT(F12/Input!$C$5) -> 282 | I12: =INT(C12*Input!$G$6*(1-Input!$G$8)/G12) -> 53 | J12: =2*INT(MIN(H12,I12)/2) -> 52 | K12: =INT(J12/Input!$G$7) -> 26 | L12: =Input!$B$6 -> 7 | M12: =INT(F12/Input!$C$6) -> 207 | N12: =INT(C12*Input!$G$6*(1-Input!$G$8)/L12) -> 45 | O12: =2*INT(MIN(M12,N12)/2) -> 44 | P12: =INT(O12/Input!$G$7) -> 22 | Q12: =Input!$B$7 -> 8 | R12: =INT(F12/Input!$C$7) -> 159 | S12: =INT(C12*Input!$G$6*(1-Input!$G$8)/Q12) -> 40 | T12: =2*INT(MIN(R12,S12)/2) -> 40 | U12: =INT(T12/Input!$G$7) -> 20 | V12: =IF(AND(J12>=2,O12>=2,T12>=2),"Usable — verify derating","Not recommended") -> Usable — verify derating | W12: Max cables = physical tray capacity; verify ampacity separately
A13: 9 | B13: Cable Tray with cover | C13: 500 | D13: 100 | E13: =C13*D13 -> 50000 | F13: =E13*Input!$G$5*(1-Input!$G$8) -> 10000 | G13: =Input!$B$5 -> 6 | H13: =INT(F13/Input!$C$5) -> 353 | I13: =INT(C13*Input!$G$6*(1-Input!$G$8)/G13) -> 66 | J13: =2*INT(MIN(H13,I13)/2) -> 66 | K13: =INT(J13/Input!$G$7) -> 33 | L13: =Input!$B$6 -> 7 | M13: =INT(F13/Input!$C$6) -> 259 | N13: =INT(C13*Input!$G$6*(1-Input!$G$8)/L13) -> 57 | O13: =2*INT(MIN(M13,N13)/2) -> 56 | P13: =INT(O13/Input!$G$7) -> 28 | Q13: =Input!$B$7 -> 8 | R13: =INT(F13/Input!$C$7) -> 198 | S13: =INT(C13*Input!$G$6*(1-Input!$G$8)/Q13) -> 50 | T13: =2*INT(MIN(R13,S13)/2) -> 50 | U13: =INT(T13/Input!$G$7) -> 25 | V13: =IF(AND(J13>=2,O13>=2,T13>=2),"Usable — verify derating","Not recommended") -> Usable — verify derating | W13: Max cables = physical tray capacity; verify ampacity separately
A14: 10 | B14: Cable Tray with cover | C14: 600 | D14: 100 | E14: =C14*D14 -> 60000 | F14: =E14*Input!$G$5*(1-Input!$G$8) -> 12000 | G14: =Input!$B$5 -> 6 | H14: =INT(F14/Input!$C$5) -> 424 | I14: =INT(C14*Input!$G$6*(1-Input!$G$8)/G14) -> 80 | J14: =2*INT(MIN(H14,I14)/2) -> 80 | K14: =INT(J14/Input!$G$7) -> 40 | L14: =Input!$B$6 -> 7 | M14: =INT(F14/Input!$C$6) -> 311 | N14: =INT(C14*Input!$G$6*(1-Input!$G$8)/L14) -> 68 | O14: =2*INT(MIN(M14,N14)/2) -> 68 | P14: =INT(O14/Input!$G$7) -> 34 | Q14: =Input!$B$7 -> 8 | R14: =INT(F14/Input!$C$7) -> 238 | S14: =INT(C14*Input!$G$6*(1-Input!$G$8)/Q14) -> 60 | T14: =2*INT(MIN(R14,S14)/2) -> 60 | U14: =INT(T14/Input!$G$7) -> 30 | V14: =IF(AND(J14>=2,O14>=2,T14>=2),"Usable — verify derating","Not recommended") -> Usable — verify derating | W14: Max cables = physical tray capacity; verify ampacity separately
A15: 11 | B15: Cable Tray with cover | C15: 700 | D15: 100 | E15: =C15*D15 -> 70000 | F15: =E15*Input!$G$5*(1-Input!$G$8) -> 14000 | G15: =Input!$B$5 -> 6 | H15: =INT(F15/Input!$C$5) -> 495 | I15: =INT(C15*Input!$G$6*(1-Input!$G$8)/G15) -> 93 | J15: =2*INT(MIN(H15,I15)/2) -> 92 | K15: =INT(J15/Input!$G$7) -> 46 | L15: =Input!$B$6 -> 7 | M15: =INT(F15/Input!$C$6) -> 363 | N15: =INT(C15*Input!$G$6*(1-Input!$G$8)/L15) -> 80 | O15: =2*INT(MIN(M15,N15)/2) -> 80 | P15: =INT(O15/Input!$G$7) -> 40 | Q15: =Input!$B$7 -> 8 | R15: =INT(F15/Input!$C$7) -> 278 | S15: =INT(C15*Input!$G$6*(1-Input!$G$8)/Q15) -> 70 | T15: =2*INT(MIN(R15,S15)/2) -> 70 | U15: =INT(T15/Input!$G$7) -> 35 | V15: =IF(AND(J15>=2,O15>=2,T15>=2),"Usable — verify derating","Not recommended") -> Usable — verify derating | W15: Max cables = physical tray capacity; verify ampacity separately
J16: INT = ไม่เอาเศษ

Sheet Quick Selection
A1: Quick Selection — จำนวนสายสูงสุดที่แนะนำจากสูตร
A3: Tray Type | B3: Size (mm) | C3: 4 mm² Max Cables | D3: 4 mm² Strings | E3: 6 mm² Max Cables | F3: 6 mm² Strings | G3: 10 mm² Max Cables | H3: 10 mm² Strings
A4: ='Cable Tray Selection'!B5 -> Cable Tray with cover | B4: ='Cable Tray Selection'!C5&"x"&'Cable Tray Selection'!D5 -> 50x50 | C4: ='Cable Tray Selection'!J5 -> 6 | D4: ='Cable Tray Selection'!K5 -> 3 | E4: ='Cable Tray Selection'!O5 -> 4 | F4: ='Cable Tray Selection'!P5 -> 2 | G4: ='Cable Tray Selection'!T5 -> 4 | H4: ='Cable Tray Selection'!U5 -> 2
A5: ='Cable Tray Selection'!B6 -> Basket Tray with cover | B5: ='Cable Tray Selection'!C6&"x"&'Cable Tray Selection'!D6 -> 50x50 | C5: ='Cable Tray Selection'!J6 -> 6 | D5: ='Cable Tray Selection'!K6 -> 3 | E5: ='Cable Tray Selection'!O6 -> 4 | F5: ='Cable Tray Selection'!P6 -> 2 | G5: ='Cable Tray Selection'!T6 -> 4 | H5: ='Cable Tray Selection'!U6 -> 2
A6: ='Cable Tray Selection'!B7 -> Cable Tray with cover | B6: ='Cable Tray Selection'!C7&"x"&'Cable Tray Selection'!D7 -> 100x100 | C6: ='Cable Tray Selection'!J7 -> 12 | D6: ='Cable Tray Selection'!K7 -> 6 | E6: ='Cable Tray Selection'!O7 -> 10 | F6: ='Cable Tray Selection'!P7 -> 5 | G6: ='Cable Tray Selection'!T7 -> 10 | H6: ='Cable Tray Selection'!U7 -> 5
A7: ='Cable Tray Selection'!B8 -> Basket Tray with cover | B7: ='Cable Tray Selection'!C8&"x"&'Cable Tray Selection'!D8 -> 150x50 | C7: ='Cable Tray Selection'!J8 -> 20 | D7: ='Cable Tray Selection'!K8 -> 10 | E7: ='Cable Tray Selection'!O8 -> 16 | F7: ='Cable Tray Selection'!P8 -> 8 | G7: ='Cable Tray Selection'!T8 -> 14 | H7: ='Cable Tray Selection'!U8 -> 7
A8: ='Cable Tray Selection'!B9 -> Cable Tray with cover | B8: ='Cable Tray Selection'!C9&"x"&'Cable Tray Selection'!D9 -> 200x100 | C8: ='Cable Tray Selection'!J9 -> 26 | D8: ='Cable Tray Selection'!K9 -> 13 | E8: ='Cable Tray Selection'!O9 -> 22 | F8: ='Cable Tray Selection'!P9 -> 11 | G8: ='Cable Tray Selection'!T9 -> 20 | H8: ='Cable Tray Selection'!U9 -> 10
A9: ='Cable Tray Selection'!B10 -> Cable Tray with cover | B9: ='Cable Tray Selection'!C10&"x"&'Cable Tray Selection'!D10 -> 300x100 | C9: ='Cable Tray Selection'!J10 -> 40 | D9: ='Cable Tray Selection'!K10 -> 20 | E9: ='Cable Tray Selection'!O10 -> 34 | F9: ='Cable Tray Selection'!P10 -> 17 | G9: ='Cable Tray Selection'!T10 -> 30 | H9: ='Cable Tray Selection'!U10 -> 15
A10: ='Cable Tray Selection'!B11 -> Basket Tray with cover | B10: ='Cable Tray Selection'!C11&"x"&'Cable Tray Selection'!D11 -> 400x50 | C10: ='Cable Tray Selection'!J11 -> 52 | D10: ='Cable Tray Selection'!K11 -> 26 | E10: ='Cable Tray Selection'!O11 -> 44 | F10: ='Cable Tray Selection'!P11 -> 22 | G10: ='Cable Tray Selection'!T11 -> 40 | H10: ='Cable Tray Selection'!U11 -> 20
A11: ='Cable Tray Selection'!B12 -> Cable Tray with cover | B11: ='Cable Tray Selection'!C12&"x"&'Cable Tray Selection'!D12 -> 400x100 | C11: ='Cable Tray Selection'!J12 -> 52 | D11: ='Cable Tray Selection'!K12 -> 26 | E11: ='Cable Tray Selection'!O12 -> 44 | F11: ='Cable Tray Selection'!P12 -> 22 | G11: ='Cable Tray Selection'!T12 -> 40 | H11: ='Cable Tray Selection'!U12 -> 20
A12: ='Cable Tray Selection'!B13 -> Cable Tray with cover | B12: ='Cable Tray Selection'!C13&"x"&'Cable Tray Selection'!D13 -> 500x100 | C12: ='Cable Tray Selection'!J13 -> 66 | D12: ='Cable Tray Selection'!K13 -> 33 | E12: ='Cable Tray Selection'!O13 -> 56 | F12: ='Cable Tray Selection'!P13 -> 28 | G12: ='Cable Tray Selection'!T13 -> 50 | H12: ='Cable Tray Selection'!U13 -> 25
A13: ='Cable Tray Selection'!B14 -> Cable Tray with cover | B13: ='Cable Tray Selection'!C14&"x"&'Cable Tray Selection'!D14 -> 600x100 | C13: ='Cable Tray Selection'!J14 -> 80 | D13: ='Cable Tray Selection'!K14 -> 40 | E13: ='Cable Tray Selection'!O14 -> 68 | F13: ='Cable Tray Selection'!P14 -> 34 | G13: ='Cable Tray Selection'!T14 -> 60 | H13: ='Cable Tray Selection'!U14 -> 30
A14: ='Cable Tray Selection'!B15 -> Cable Tray with cover | B14: ='Cable Tray Selection'!C15&"x"&'Cable Tray Selection'!D15 -> 700x100 | C14: ='Cable Tray Selection'!J15 -> 92 | D14: ='Cable Tray Selection'!K15 -> 46 | E14: ='Cable Tray Selection'!O15 -> 80 | F14: ='Cable Tray Selection'!P15 -> 40 | G14: ='Cable Tray Selection'!T15 -> 70 | H14: ='Cable Tray Selection'!U15 -> 35
A15: หมายเหตุ
A16: OD เริ่มต้น | B16: 4 mm² = 6 mm | C16: 6 mm² = 7 mm | D16: 10 mm² = 8 mm
A17: การใช้งาน | B17: แก้ OD ใน Sheet Input แล้วตารางทั้งหมดจะคำนวณใหม่
A18: ข้อจำกัด | B18: ไม่รวมการตรวจพิกัดกระแสหลัง Derating และไม่ควรใช้แทน Cable Datasheet/Engineering Calculation
